element_id,city,city_name,elem_no,w,h,xOffset,yOffset,life,special,attrs,img_editor,png_client
1001,1,desert,1,1,1,0,0,-1,0x0,3855,qqt/qqt_map_editor_fin-main/mapElem/desert/elem1_stand.img,geno-extracted/QQTang5.2_Beta1Build1/data/object/mapElem/desert/elem1_stand.png
1002,1,desert,2,1,1,3,11,1,0x0,0,qqt/qqt_map_editor_fin-main/mapElem/desert/elem2_stand.img,geno-extracted/QQTang5.2_Beta1Build1/data/object/mapElem/desert/elem2_stand.png
1003,1,desert,3,1,1,3,11,1,0x0,0,qqt/qqt_map_editor_fin-main/mapElem/desert/elem3_stand.img,geno-extracted/QQTang5.2_Beta1Build1/data/object/mapElem/desert/elem3_stand.png
1004,1,desert,4,1,1,3,10,-1,0x0,0,qqt/qqt_map_editor_fin-main/mapElem/desert/elem4_stand.img,geno-extracted/QQTang5.2_Beta1Build1/data/object/mapElem/desert/elem4_stand.png
1005,1,desert,5,1,1,2,20,-1,0x0,0,qqt/qqt_map_editor_fin-main/mapElem/desert/elem5_stand.img,geno-extracted/QQTang5.2_Beta1Build1/data/object/mapElem/desert/elem5_stand.png
1006,1,desert,6,1,1,4,23,1,0x2,0,qqt/qqt_map_editor_fin-main/mapElem/desert/elem6_stand.img,geno-extracted/QQTang5.2_Beta1Build1/data/object/mapElem/desert/elem6_stand.png
1007,1,desert,7,4,3,4,29,-1,0x0,0,qqt/qqt_map_editor_fin-main/mapElem/desert/elem7_stand.img,geno-extracted/QQTang5.2_Beta1Build1/data/object/mapElem/desert/elem7_stand.png
1008,1,desert,8,1,1,4,24,-1,0x0,5397,qqt/qqt_map_editor_fin-main/mapElem/desert/elem8_stand.img,geno-extracted/QQTang5.2_Beta1Build1/data/object/mapElem/desert/elem8_stand.png
1009,1,desert,9,1,1,2,20,-1,0x0,0,qqt/qqt_map_editor_fin-main/mapElem/desert/elem9_stand.img,geno-extracted/QQTang5.2_Beta1Build1/data/object/mapElem/desert/elem9_stand.png
1010,1,desert,10,1,1,4,24,-1,0x0,5397,qqt/qqt_map_editor_fin-main/mapElem/desert/elem10_stand.img,geno-extracted/QQTang5.2_Beta1Build1/data/object/mapElem/desert/elem10_stand.png
1011,1,desert,11,1,1,2,31,-1,0x0,0,qqt/qqt_map_editor_fin-main/mapElem/desert/elem11_stand.img,geno-extracted/QQTang5.2_Beta1Build1/data/object/mapElem/desert/elem11_stand.png
1012,1,desert,12,1,1,0,0,-1,0x0,3855,qqt/qqt_map_editor_fin-main/mapElem/desert/elem12_stand.img,geno-extracted/QQTang5.2_Beta1Build1/data/object/mapElem/desert/elem12_stand.png
1113,1,desert,113,1,1,0,0,-1,0x0,0,qqt/qqt_map_editor_fin-main/mapElem/desert/elem113_stand.img,geno-extracted/QQTang5.2_Beta1Build1/data/object/mapElem/desert/elem113_stand.png
1114,1,desert,114,8,2,0,0,-1,0x0,0,qqt/qqt_map_editor_fin-main/mapElem/desert/elem114_stand.img,geno-extracted/QQTang5.2_Beta1Build1/data/object/mapElem/desert/elem114_stand.png
1115,1,desert,115,1,4,0,0,-1,0x0,0,qqt/qqt_map_editor_fin-main/mapElem/desert/elem115_stand.img,geno-extracted/QQTang5.2_Beta1Build1/data/object/mapElem/desert/elem115_stand.png
1116,1,desert,116,1,1,0,0,-1,0x0,0,qqt/qqt_map_editor_fin-main/mapElem/desert/elem116_stand.img,geno-extracted/QQTang5.2_Beta1Build1/data/object/mapElem/desert/elem116_stand.png
1117,1,desert,117,2,1,0,0,-1,0x0,0,qqt/qqt_map_editor_fin-main/mapElem/desert/elem117_stand.img,geno-extracted/QQTang5.2_Beta1Build1/data/object/mapElem/desert/elem117_stand.png
1118,1,desert,118,2,1,0,0,-1,0x0,0,qqt/qqt_map_editor_fin-main/mapElem/desert/elem118_stand.img,geno-extracted/QQTang5.2_Beta1Build1/data/object/mapElem/desert/elem118_stand.png
1119,1,desert,119,2,4,0,0,-1,0x0,0,qqt/qqt_map_editor_fin-main/mapElem/desert/elem119_stand.img,geno-extracted/QQTang5.2_Beta1Build1/data/object/mapElem/desert/elem119_stand.png
1120,1,desert,120,11,2,0,0,-1,0x0,0,qqt/qqt_map_editor_fin-main/mapElem/desert/elem120_stand.img,geno-extracted/QQTang5.2_Beta1Build1/data/object/mapElem/desert/elem120_stand.png
1121,1,desert,121,6,2,0,0,-1,0x0,0,qqt/qqt_map_editor_fin-main/mapElem/desert/elem121_stand.img,geno-extracted/QQTang5.2_Beta1Build1/data/object/mapElem/desert/elem121_stand.png
1122,1,desert,122,2,3,0,0,-1,0x0,0,qqt/qqt_map_editor_fin-main/mapElem/desert/elem122_stand.img,geno-extracted/QQTang5.2_Beta1Build1/data/object/mapElem/desert/elem122_stand.png
1123,1,desert,123,7,2,0,0,-1,0x0,0,qqt/qqt_map_editor_fin-main/mapElem/desert/elem123_stand.img,geno-extracted/QQTang5.2_Beta1Build1/data/object/mapElem/desert/elem123_stand.png
1124,1,desert,124,1,3,0,0,-1,0x0,0,qqt/qqt_map_editor_fin-main/mapElem/desert/elem124_stand.img,geno-extracted/QQTang5.2_Beta1Build1/data/object/mapElem/desert/elem124_stand.png
1125,1,desert,125,1,3,0,0,-1,0x0,0,qqt/qqt_map_editor_fin-main/mapElem/desert/elem125_stand.img,geno-extracted/QQTang5.2_Beta1Build1/data/object/mapElem/desert/elem125_stand.png
1126,1,desert,126,14,2,0,0,-1,0x0,0,qqt/qqt_map_editor_fin-main/mapElem/desert/elem126_stand.img,geno-extracted/QQTang5.2_Beta1Build1/data/object/mapElem/desert/elem126_stand.png
1127,1,desert,127,1,6,0,0,-1,0x0,0,qqt/qqt_map_editor_fin-main/mapElem/desert/elem127_stand.img,geno-extracted/QQTang5.2_Beta1Build1/data/object/mapElem/desert/elem127_stand.png
1128,1,desert,128,6,2,0,0,-1,0x0,0,qqt/qqt_map_editor_fin-main/mapElem/desert/elem128_stand.img,geno-extracted/QQTang5.2_Beta1Build1/data/object/mapElem/desert/elem128_stand.png
1129,1,desert,129,1,2,0,0,-1,0x0,0,qqt/qqt_map_editor_fin-main/mapElem/desert/elem129_stand.img,geno-extracted/QQTang5.2_Beta1Build1/data/object/mapElem/desert/elem129_stand.png
1130,1,desert,130,2,4,0,0,-1,0x0,0,qqt/qqt_map_editor_fin-main/mapElem/desert/elem130_stand.img,geno-extracted/QQTang5.2_Beta1Build1/data/object/mapElem/desert/elem130_stand.png
1131,1,desert,131,2,2,0,0,-1,0x0,0,qqt/qqt_map_editor_fin-main/mapElem/desert/elem131_stand.img,geno-extracted/QQTang5.2_Beta1Build1/data/object/mapElem/desert/elem131_stand.png
1132,1,desert,132,1,6,0,-1,-1,0x0,0,qqt/qqt_map_editor_fin-main/mapElem/desert/elem132_stand.img,geno-extracted/QQTang5.2_Beta1Build1/data/object/mapElem/desert/elem132_stand.png
1133,1,desert,133,2,2,0,0,-1,0x0,0,qqt/qqt_map_editor_fin-main/mapElem/desert/elem133_stand.img,geno-extracted/QQTang5.2_Beta1Build1/data/object/mapElem/desert/elem133_stand.png
1134,1,desert,134,8,2,0,0,-1,0x0,0,qqt/qqt_map_editor_fin-main/mapElem/desert/elem134_stand.img,geno-extracted/QQTang5.2_Beta1Build1/data/object/mapElem/desert/elem134_stand.png
1135,1,desert,135,11,2,0,0,-1,0x0,0,qqt/qqt_map_editor_fin-main/mapElem/desert/elem135_stand.img,geno-extracted/QQTang5.2_Beta1Build1/data/object/mapElem/desert/elem135_stand.png
1136,1,desert,136,11,2,0,0,-1,0x0,0,qqt/qqt_map_editor_fin-main/mapElem/desert/elem136_stand.img,geno-extracted/QQTang5.2_Beta1Build1/data/object/mapElem/desert/elem136_stand.png
1137,1,desert,137,7,2,0,0,-1,0x0,0,qqt/qqt_map_editor_fin-main/mapElem/desert/elem137_stand.img,geno-extracted/QQTang5.2_Beta1Build1/data/object/mapElem/desert/elem137_stand.png
1138,1,desert,138,1,1,0,0,-1,0x0,0,qqt/qqt_map_editor_fin-main/mapElem/desert/elem138_stand.img,geno-extracted/QQTang5.2_Beta1Build1/data/object/mapElem/desert/elem138_stand.png
1139,1,desert,139,1,3,0,0,-1,0x0,0,qqt/qqt_map_editor_fin-main/mapElem/desert/elem139_stand.img,geno-extracted/QQTang5.2_Beta1Build1/data/object/mapElem/desert/elem139_stand.png
1140,1,desert,140,1,2,0,0,-1,0x0,0,qqt/qqt_map_editor_fin-main/mapElem/desert/elem140_stand.img,geno-extracted/QQTang5.2_Beta1Build1/data/object/mapElem/desert/elem140_stand.png
1141,1,desert,141,11,2,0,0,-1,0x0,0,qqt/qqt_map_editor_fin-main/mapElem/desert/elem141_stand.img,geno-extracted/QQTang5.2_Beta1Build1/data/object/mapElem/desert/elem141_stand.png
1142,1,desert,142,1,1,0,0,-1,0x0,3855,qqt/qqt_map_editor_fin-main/mapElem/desert/elem142_stand.img,geno-extracted/QQTang5.2_Beta1Build1/data/object/mapElem/desert/elem142_stand.png
1143,1,desert,143,5,2,0,0,-1,0x0,3855,qqt/qqt_map_editor_fin-main/mapElem/desert/elem143_stand.img,geno-extracted/QQTang5.2_Beta1Build1/data/object/mapElem/desert/elem143_stand.png
2001,2,snow,1,1,1,0,0,-1,0x0,3855,qqt/qqt_map_editor_fin-main/mapElem/snow/elem1_stand.img,geno-extracted/QQTang5.2_Beta1Build1/data/object/mapElem/snow/elem1_stand.png
2002,2,snow,2,1,1,3,12,1,0x0,0,qqt/qqt_map_editor_fin-main/mapElem/snow/elem2_stand.img,geno-extracted/QQTang5.2_Beta1Build1/data/object/mapElem/snow/elem2_stand.png
2003,2,snow,3,1,1,2,5,1,0x2,0,qqt/qqt_map_editor_fin-main/mapElem/snow/elem3_stand.img,geno-extracted/QQTang5.2_Beta1Build1/data/object/mapElem/snow/elem3_stand.png
2004,2,snow,4,1,1,4,25,-1,0x0,0,qqt/qqt_map_editor_fin-main/mapElem/snow/elem4_stand.img,geno-extracted/QQTang5.2_Beta1Build1/data/object/mapElem/snow/elem4_stand.png
2005,2,snow,5,1,1,4,25,-1,0x0,0,qqt/qqt_map_editor_fin-main/mapElem/snow/elem5_stand.img,geno-extracted/QQTang5.2_Beta1Build1/data/object/mapElem/snow/elem5_stand.png
2006,2,snow,6,1,1,3,19,-1,0x0,0,qqt/qqt_map_editor_fin-main/mapElem/snow/elem6_stand.img,geno-extracted/QQTang5.2_Beta1Build1/data/object/mapElem/snow/elem6_stand.png
2007,2,snow,7,1,1,0,25,-1,0x0,0,qqt/qqt_map_editor_fin-main/mapElem/snow/elem7_stand.img,geno-extracted/QQTang5.2_Beta1Build1/data/object/mapElem/snow/elem7_stand.png
2008,2,snow,8,4,2,4,36,-1,0x0,0,qqt/qqt_map_editor_fin-main/mapElem/snow/elem8_stand.img,geno-extracted/QQTang5.2_Beta1Build1/data/object/mapElem/snow/elem8_stand.png
2011,2,snow,11,1,1,4,25,-1,0x0,0,qqt/qqt_map_editor_fin-main/mapElem/snow/elem11_stand.img,geno-extracted/QQTang5.2_Beta1Build1/data/object/mapElem/snow/elem11_stand.png
2012,2,snow,12,1,1,2,5,1,0x2,0,qqt/qqt_map_editor_fin-main/mapElem/snow/elem12_stand.img,geno-extracted/QQTang5.2_Beta1Build1/data/object/mapElem/snow/elem12_stand.png
2013,2,snow,13,1,1,0,0,-1,0x0,3855,qqt/qqt_map_editor_fin-main/mapElem/snow/elem13_stand.img,geno-extracted/QQTang5.2_Beta1Build1/data/object/mapElem/snow/elem13_stand.png
2014,2,snow,14,4,2,3,37,-1,0x0,0,qqt/qqt_map_editor_fin-main/mapElem/snow/elem14_stand.img,geno-extracted/QQTang5.2_Beta1Build1/data/object/mapElem/snow/elem14_stand.png
2015,2,snow,15,1,1,2,11,1,0x0,0,qqt/qqt_map_editor_fin-main/mapElem/snow/elem15_stand.img,geno-extracted/QQTang5.2_Beta1Build1/data/object/mapElem/snow/elem15_stand.png
2016,2,snow,16,1,1,0,23,-1,0x0,0,qqt/qqt_map_editor_fin-main/mapElem/snow/elem16_stand.img,geno-extracted/QQTang5.2_Beta1Build1/data/object/mapElem/snow/elem16_stand.png
2017,2,snow,17,1,1,0,0,-1,0x0,3855,qqt/qqt_map_editor_fin-main/mapElem/snow/elem17_stand.img,geno-extracted/QQTang5.2_Beta1Build1/data/object/mapElem/snow/elem17_stand.png
2018,2,snow,18,1,1,0,0,-1,0x0,3855,qqt/qqt_map_editor_fin-main/mapElem/snow/elem18_stand.img,geno-extracted/QQTang5.2_Beta1Build1/data/object/mapElem/snow/elem18_stand.png
2019,2,snow,19,1,1,4,27,-1,0x0,0,qqt/qqt_map_editor_fin-main/mapElem/snow/elem19_stand.img,geno-extracted/QQTang5.2_Beta1Build1/data/object/mapElem/snow/elem19_stand.png
2020,2,snow,20,2,2,0,0,-1,0x0,3855,qqt/qqt_map_editor_fin-main/mapElem/snow/elem20_stand.img,geno-extracted/QQTang5.2_Beta1Build1/data/object/mapElem/snow/elem20_stand.png
2021,2,snow,21,2,2,0,0,-1,0x0,3855,qqt/qqt_map_editor_fin-main/mapElem/snow/elem21_stand.img,geno-extracted/QQTang5.2_Beta1Build1/data/object/mapElem/snow/elem21_stand.png
2022,2,snow,22,2,2,0,0,-1,0x0,3855,qqt/qqt_map_editor_fin-main/mapElem/snow/elem22_stand.img,geno-extracted/QQTang5.2_Beta1Build1/data/object/mapElem/snow/elem22_stand.png
2023,2,snow,23,2,2,0,0,-1,0x0,3855,qqt/qqt_map_editor_fin-main/mapElem/snow/elem23_stand.img,geno-extracted/QQTang5.2_Beta1Build1/data/object/mapElem/snow/elem23_stand.png
2024,2,snow,24,1,1,0,0,-1,0x0,3855,qqt/qqt_map_editor_fin-main/mapElem/snow/elem24_stand.img,geno-extracted/QQTang5.2_Beta1Build1/data/object/mapElem/snow/elem24_stand.png
2025,2,snow,25,1,1,0,0,-1,0x0,3855,qqt/qqt_map_editor_fin-main/mapElem/snow/elem25_stand.img,geno-extracted/QQTang5.2_Beta1Build1/data/object/mapElem/snow/elem25_stand.png
2026,2,snow,26,2,1,0,0,-1,0x0,3855,qqt/qqt_map_editor_fin-main/mapElem/snow/elem26_stand.img,geno-extracted/QQTang5.2_Beta1Build1/data/object/mapElem/snow/elem26_stand.png
2027,2,snow,27,1,2,0,0,-1,0x0,3855,qqt/qqt_map_editor_fin-main/mapElem/snow/elem27_stand.img,geno-extracted/QQTang5.2_Beta1Build1/data/object/mapElem/snow/elem27_stand.png
2028,2,snow,28,1,1,0,0,-1,0x0,3855,qqt/qqt_map_editor_fin-main/mapElem/snow/elem28_stand.img,geno-extracted/QQTang5.2_Beta1Build1/data/object/mapElem/snow/elem28_stand.png
2029,2,snow,29,1,1,0,0,-1,0x0,3855,qqt/qqt_map_editor_fin-main/mapElem/snow/elem29_stand.img,geno-extracted/QQTang5.2_Beta1Build1/data/object/mapElem/snow/elem29_stand.png
2030,2,snow,30,1,1,0,0,-1,0x0,3855,qqt/qqt_map_editor_fin-main/mapElem/snow/elem30_stand.img,geno-extracted/QQTang5.2_Beta1Build1/data/object/mapElem/snow/elem30_stand.png
2031,2,snow,31,1,1,0,0,-1,0x0,3855,qqt/qqt_map_editor_fin-main/mapElem/snow/elem31_stand.img,geno-extracted/QQTang5.2_Beta1Build1/data/object/mapElem/snow/elem31_stand.png
2032,2,snow,32,1,1,0,0,-1,0x0,3855,qqt/qqt_map_editor_fin-main/mapElem/snow/elem32_stand.img,geno-extracted/QQTang5.2_Beta1Build1/data/object/mapElem/snow/elem32_stand.png
2033,2,snow,33,1,1,0,0,-1,0x0,3855,qqt/qqt_map_editor_fin-main/mapElem/snow/elem33_stand.img,geno-extracted/QQTang5.2_Beta1Build1/data/object/mapElem/snow/elem33_stand.png
2034,2,snow,34,1,1,0,0,-1,0x0,3855,qqt/qqt_map_editor_fin-main/mapElem/snow/elem34_stand.img,geno-extracted/QQTang5.2_Beta1Build1/data/object/mapElem/snow/elem34_stand.png
2035,2,snow,35,1,1,0,0,-1,0x0,3855,qqt/qqt_map_editor_fin-main/mapElem/snow/elem35_stand.img,geno-extracted/QQTang5.2_Beta1Build1/data/object/mapElem/snow/elem35_stand.png
2036,2,snow,36,1,1,0,0,-1,0x0,3855,qqt/qqt_map_editor_fin-main/mapElem/snow/elem36_stand.img,geno-extracted/QQTang5.2_Beta1Build1/data/object/mapElem/snow/elem36_stand.png
2037,2,snow,37,1,1,0,0,-1,0x0,3855,qqt/qqt_map_editor_fin-main/mapElem/snow/elem37_stand.img,geno-extracted/QQTang5.2_Beta1Build1/data/object/mapElem/snow/elem37_stand.png
2038,2,snow,38,2,2,0,0,-1,0x0,3855,qqt/qqt_map_editor_fin-main/mapElem/snow/elem38_stand.img,geno-extracted/QQTang5.2_Beta1Build1/data/object/mapElem/snow/elem38_stand.png
2039,2,snow,39,1,1,0,0,-1,0x0,3855,qqt/qqt_map_editor_fin-main/mapElem/snow/elem39_stand.img,geno-extracted/QQTang5.2_Beta1Build1/data/object/mapElem/snow/elem39_stand.png
2040,2,snow,40,1,1,1,5,-1,0x0,0,qqt/qqt_map_editor_fin-main/mapElem/snow/elem40_stand.img,geno-extracted/QQTang5.2_Beta1Build1/data/object/mapElem/snow/elem40_stand.png
2041,2,snow,41,1,1,0,5,-1,0x0,0,qqt/qqt_map_editor_fin-main/mapElem/snow/elem41_stand.img,geno-extracted/QQTang5.2_Beta1Build1/data/object/mapElem/snow/elem41_stand.png
2042,2,snow,42,2,2,0,0,-1,0x0,3855,qqt/qqt_map_editor_fin-main/mapElem/snow/elem42_stand.img,geno-extracted/QQTang5.2_Beta1Build1/data/object/mapElem/snow/elem42_stand.png
2043,2,snow,43,2,2,0,0,-1,0x0,3855,qqt/qqt_map_editor_fin-main/mapElem/snow/elem43_stand.img,geno-extracted/QQTang5.2_Beta1Build1/data/object/mapElem/snow/elem43_stand.png
2044,2,snow,44,2,2,0,0,-1,0x0,3855,qqt/qqt_map_editor_fin-main/mapElem/snow/elem44_stand.img,geno-extracted/QQTang5.2_Beta1Build1/data/object/mapElem/snow/elem44_stand.png
2045,2,snow,45,2,2,0,0,-1,0x0,3855,qqt/qqt_map_editor_fin-main/mapElem/snow/elem45_stand.img,geno-extracted/QQTang5.2_Beta1Build1/data/object/mapElem/snow/elem45_stand.png
2046,2,snow,46,1,1,0,0,-1,0x0,3855,qqt/qqt_map_editor_fin-main/mapElem/snow/elem46_stand.img,geno-extracted/QQTang5.2_Beta1Build1/data/object/mapElem/snow/elem46_stand.png
2047,2,snow,47,1,1,0,0,-1,0x0,3855,qqt/qqt_map_editor_fin-main/mapElem/snow/elem47_stand.img,geno-extracted/QQTang5.2_Beta1Build1/data/object/mapElem/snow/elem47_stand.png
2048,2,snow,48,2,1,0,0,-1,0x0,3855,qqt/qqt_map_editor_fin-main/mapElem/snow/elem48_stand.img,geno-extracted/QQTang5.2_Beta1Build1/data/object/mapElem/snow/elem48_stand.png
2049,2,snow,49,1,2,0,0,-1,0x0,3855,qqt/qqt_map_editor_fin-main/mapElem/snow/elem49_stand.img,geno-extracted/QQTang5.2_Beta1Build1/data/object/mapElem/snow/elem49_stand.png
3001,3,town,1,1,1,0,0,-1,0x0,3855,qqt/qqt_map_editor_fin-main/mapElem/town/elem1_stand.img,geno-extracted/QQTang5.2_Beta1Build1/data/object/mapElem/town/elem1_stand.png
3002,3,town,2,1,1,0,0,-1,0x0,3855,qqt/qqt_map_editor_fin-main/mapElem/town/elem2_stand.img,geno-extracted/QQTang5.2_Beta1Build1/data/object/mapElem/town/elem2_stand.png
3003,3,town,3,1,1,0,0,-1,0x0,3855,qqt/qqt_map_editor_fin-main/mapElem/town/elem3_stand.img,geno-extracted/QQTang5.2_Beta1Build1/data/object/mapElem/town/elem3_stand.png
3004,3,town,4,1,1,2,13,1,0x2,0,qqt/qqt_map_editor_fin-main/mapElem/town/elem4_stand.img,geno-extracted/QQTang5.2_Beta1Build1/data/object/mapElem/town/elem4_stand.png
3005,3,town,5,1,1,2,34,-1,0x0,5397,qqt/qqt_map_editor_fin-main/mapElem/town/elem5_stand.img,geno-extracted/QQTang5.2_Beta1Build1/data/object/mapElem/town/elem5_stand.png
3006,3,town,6,3,2,0,0,-1,0x0,3855,qqt/qqt_map_editor_fin-main/mapElem/town/elem6_stand.img,geno-extracted/QQTang5.2_Beta1Build1/data/object/mapElem/town/elem6_stand.png
3007,3,town,7,1,1,3,17,-1,0x0,0,qqt/qqt_map_editor_fin-main/mapElem/town/elem7_stand.img,geno-extracted/QQTang5.2_Beta1Build1/data/object/mapElem/town/elem7_stand.png
3008,3,town,8,1,1,3,17,-1,0x0,0,qqt/qqt_map_editor_fin-main/mapElem/town/elem8_stand.img,geno-extracted/QQTang5.2_Beta1Build1/data/object/mapElem/town/elem8_stand.png
3009,3,town,9,1,1,3,18,-1,0x0,0,qqt/qqt_map_editor_fin-main/mapElem/town/elem9_stand.img,geno-extracted/QQTang5.2_Beta1Build1/data/object/mapElem/town/elem9_stand.png
3010,3,town,10,1,1,2,13,-1,0x0,0,qqt/qqt_map_editor_fin-main/mapElem/town/elem10_stand.img,geno-extracted/QQTang5.2_Beta1Build1/data/object/mapElem/town/elem10_stand.png
3011,3,town,11,1,1,0,0,-1,0x0,0,qqt/qqt_map_editor_fin-main/mapElem/town/elem11_stand.img,geno-extracted/QQTang5.2_Beta1Build1/data/object/mapElem/town/elem11_stand.png
3012,3,town,12,1,1,0,0,-1,0x0,0,qqt/qqt_map_editor_fin-main/mapElem/town/elem12_stand.img,geno-extracted/QQTang5.2_Beta1Build1/data/object/mapElem/town/elem12_stand.png
3013,3,town,13,1,1,0,0,-1,0x0,0,qqt/qqt_map_editor_fin-main/mapElem/town/elem13_stand.img,geno-extracted/QQTang5.2_Beta1Build1/data/object/mapElem/town/elem13_stand.png
3014,3,town,14,1,1,3,10,1,0x0,0,qqt/qqt_map_editor_fin-main/mapElem/town/elem14_stand.img,geno-extracted/QQTang5.2_Beta1Build1/data/object/mapElem/town/elem14_stand.png
3015,3,town,15,1,1,2,10,1,0x0,0,qqt/qqt_map_editor_fin-main/mapElem/town/elem15_stand.img,geno-extracted/QQTang5.2_Beta1Build1/data/object/mapElem/town/elem15_stand.png
3017,3,town,17,1,1,2,10,1,0x0,0,qqt/qqt_map_editor_fin-main/mapElem/town/elem17_stand.img,geno-extracted/QQTang5.2_Beta1Build1/data/object/mapElem/town/elem17_stand.png
3018,3,town,18,1,1,2,10,1,0x0,0,qqt/qqt_map_editor_fin-main/mapElem/town/elem18_stand.img,geno-extracted/QQTang5.2_Beta1Build1/data/object/mapElem/town/elem18_stand.png
3019,3,town,19,4,2,0,30,-1,0x0,0,qqt/qqt_map_editor_fin-main/mapElem/town/elem19_stand.img,geno-extracted/QQTang5.2_Beta1Build1/data/object/mapElem/town/elem19_stand.png
3020,3,town,20,1,1,0,14,-1,0x0,0,qqt/qqt_map_editor_fin-main/mapElem/town/elem20_stand.img,geno-extracted/QQTang5.2_Beta1Build1/data/object/mapElem/town/elem20_stand.png
3022,3,town,22,1,1,0,0,-1,0x0,0,qqt/qqt_map_editor_fin-main/mapElem/town/elem22_stand.img,geno-extracted/QQTang5.2_Beta1Build1/data/object/mapElem/town/elem22_stand.png
3023,3,town,23,1,1,0,0,-1,0x0,0,qqt/qqt_map_editor_fin-main/mapElem/town/elem23_stand.img,geno-extracted/QQTang5.2_Beta1Build1/data/object/mapElem/town/elem23_stand.png
3024,3,town,24,1,1,0,0,-1,0x0,0,qqt/qqt_map_editor_fin-main/mapElem/town/elem24_stand.img,geno-extracted/QQTang5.2_Beta1Build1/data/object/mapElem/town/elem24_stand.png
3025,3,town,25,1,1,0,0,-1,0x0,0,qqt/qqt_map_editor_fin-main/mapElem/town/elem25_stand.img,geno-extracted/QQTang5.2_Beta1Build1/data/object/mapElem/town/elem25_stand.png
3026,3,town,26,1,1,0,0,-1,0x0,0,qqt/qqt_map_editor_fin-main/mapElem/town/elem26_stand.img,geno-extracted/QQTang5.2_Beta1Build1/data/object/mapElem/town/elem26_stand.png
3050,3,town,50,1,1,1,60,-1,0x0,0,qqt/qqt_map_editor_fin-main/mapElem/town/elem50_stand.img,geno-extracted/QQTang5.2_Beta1Build1/data/object/mapElem/town/elem50_stand.gif
3051,3,town,51,1,1,-1,30,-1,0x0,0,qqt/qqt_map_editor_fin-main/mapElem/town/elem51_stand.img,geno-extracted/QQTang5.2_Beta1Build1/data/object/mapElem/town/elem51_stand.gif
3053,3,town,53,1,1,0,0,-1,0x0,3855,qqt/qqt_map_editor_fin-main/mapElem/town/elem53_stand.img,geno-extracted/QQTang5.2_Beta1Build1/data/object/mapElem/town/elem53_stand.png
3054,3,town,54,1,1,2,12,1,0x0,0,qqt/qqt_map_editor_fin-main/mapElem/town/elem54_stand.img,geno-extracted/QQTang5.2_Beta1Build1/data/object/mapElem/town/elem54_stand.png
3055,3,town,55,1,1,3,12,1,0x0,0,qqt/qqt_map_editor_fin-main/mapElem/town/elem55_stand.img,geno-extracted/QQTang5.2_Beta1Build1/data/object/mapElem/town/elem55_stand.png
3056,3,town,56,1,1,3,21,1,0x0,0,qqt/qqt_map_editor_fin-main/mapElem/town/elem56_stand.img,geno-extracted/QQTang5.2_Beta1Build1/data/object/mapElem/town/elem56_stand.png
3057,3,town,57,1,1,-2,29,-1,0x0,0,qqt/qqt_map_editor_fin-main/mapElem/town/elem57_stand.img,geno-extracted/QQTang5.2_Beta1Build1/data/object/mapElem/town/elem57_stand.png
3058,3,town,58,15,3,0,22,-1,0x0,0,qqt/qqt_map_editor_fin-main/mapElem/town/elem58_stand.img,geno-extracted/QQTang5.2_Beta1Build1/data/object/mapElem/town/elem58_stand.png
3059,3,town,59,1,1,0,0,-1,0x0,3855,qqt/qqt_map_editor_fin-main/mapElem/town/elem59_stand.img,geno-extracted/QQTang5.2_Beta1Build1/data/object/mapElem/town/elem59_stand.png
3060,3,town,60,1,1,21,51,-1,0x0,0,qqt/qqt_map_editor_fin-main/mapElem/town/elem60_stand.img,geno-extracted/QQTang5.2_Beta1Build1/data/object/mapElem/town/elem60_stand.png
3061,3,town,61,1,1,2,51,-1,0x0,0,qqt/qqt_map_editor_fin-main/mapElem/town/elem61_stand.img,geno-extracted/QQTang5.2_Beta1Build1/data/object/mapElem/town/elem61_stand.png
3120,3,town,120,1,2,0,0,-1,0x0,0,qqt/qqt_map_editor_fin-main/mapElem/town/elem120_stand.img,geno-extracted/QQTang5.2_Beta1Build1/data/object/mapElem/town/elem120_stand.png
3121,3,town,121,1,2,0,0,-1,0x0,0,qqt/qqt_map_editor_fin-main/mapElem/town/elem121_stand.img,geno-extracted/QQTang5.2_Beta1Build1/data/object/mapElem/town/elem121_stand.png
3122,3,town,122,1,2,0,0,-1,0x0,5,qqt/qqt_map_editor_fin-main/mapElem/town/elem122_stand.img,geno-extracted/QQTang5.2_Beta1Build1/data/object/mapElem/town/elem122_stand.png
4001,4,mine,1,1,1,0,0,-1,0x0,3855,qqt/qqt_map_editor_fin-main/mapElem/mine/elem1_stand.img,geno-extracted/QQTang5.2_Beta1Build1/data/object/mapElem/mine/elem1_stand.png
4002,4,mine,2,1,1,0,0,-1,0x0,3855,qqt/qqt_map_editor_fin-main/mapElem/mine/elem2_stand.img,geno-extracted/QQTang5.2_Beta1Build1/data/object/mapElem/mine/elem2_stand.png
4003,4,mine,3,1,1,0,0,-1,0x0,3855,qqt/qqt_map_editor_fin-main/mapElem/mine/elem3_stand.img,geno-extracted/QQTang5.2_Beta1Build1/data/object/mapElem/mine/elem3_stand.png
4004,4,mine,4,1,1,4,11,1,0x0,0,qqt/qqt_map_editor_fin-main/mapElem/mine/elem4_stand.img,geno-extracted/QQTang5.2_Beta1Build1/data/object/mapElem/mine/elem4_stand.png
4005,4,mine,5,1,1,4,22,-1,0x0,0,qqt/qqt_map_editor_fin-main/mapElem/mine/elem5_stand.img,geno-extracted/QQTang5.2_Beta1Build1/data/object/mapElem/mine/elem5_stand.png
4006,4,mine,6,1,1,3,10,1,0x2,0,qqt/qqt_map_editor_fin-main/mapElem/mine/elem6_stand.img,geno-extracted/QQTang5.2_Beta1Build1/data/object/mapElem/mine/elem6_stand.png
4007,4,mine,7,1,1,0,26,-1,0x0,0,qqt/qqt_map_editor_fin-main/mapElem/mine/elem7_stand.img,geno-extracted/QQTang5.2_Beta1Build1/data/object/mapElem/mine/elem7_stand.png
4008,4,mine,8,1,1,4,20,1,0x0,0,qqt/qqt_map_editor_fin-main/mapElem/mine/elem8_stand.img,geno-extracted/QQTang5.2_Beta1Build1/data/object/mapElem/mine/elem8_stand.png
4009,4,mine,9,1,1,0,0,-1,0x0,3855,qqt/qqt_map_editor_fin-main/mapElem/mine/elem9_stand.img,geno-extracted/QQTang5.2_Beta1Build1/data/object/mapElem/mine/elem9_stand.png
4010,4,mine,10,1,1,0,0,-1,0x0,3855,qqt/qqt_map_editor_fin-main/mapElem/mine/elem10_stand.img,geno-extracted/QQTang5.2_Beta1Build1/data/object/mapElem/mine/elem10_stand.png
4011,4,mine,11,1,1,0,0,-1,0x0,3855,qqt/qqt_map_editor_fin-main/mapElem/mine/elem11_stand.img,geno-extracted/QQTang5.2_Beta1Build1/data/object/mapElem/mine/elem11_stand.png
4012,4,mine,12,1,1,4,10,1,0x0,0,qqt/qqt_map_editor_fin-main/mapElem/mine/elem12_stand.img,geno-extracted/QQTang5.2_Beta1Build1/data/object/mapElem/mine/elem12_stand.png
4013,4,mine,13,1,1,0,0,-1,0x0,3840,qqt/qqt_map_editor_fin-main/mapElem/mine/elem13_stand.img,geno-extracted/QQTang5.2_Beta1Build1/data/object/mapElem/mine/elem13_stand.png
4014,4,mine,14,1,1,0,0,-1,0x0,3840,qqt/qqt_map_editor_fin-main/mapElem/mine/elem14_stand.img,geno-extracted/QQTang5.2_Beta1Build1/data/object/mapElem/mine/elem14_stand.png
4015,4,mine,15,1,1,0,0,-1,0x0,3840,qqt/qqt_map_editor_fin-main/mapElem/mine/elem15_stand.img,geno-extracted/QQTang5.2_Beta1Build1/data/object/mapElem/mine/elem15_stand.png
4016,4,mine,16,1,1,0,0,-1,0x0,3840,qqt/qqt_map_editor_fin-main/mapElem/mine/elem16_stand.img,geno-extracted/QQTang5.2_Beta1Build1/data/object/mapElem/mine/elem16_stand.png
4017,4,mine,17,1,1,0,0,-1,0x0,3840,qqt/qqt_map_editor_fin-main/mapElem/mine/elem17_stand.img,geno-extracted/QQTang5.2_Beta1Build1/data/object/mapElem/mine/elem17_stand.png
4018,4,mine,18,1,1,0,0,-1,0x0,3840,qqt/qqt_map_editor_fin-main/mapElem/mine/elem18_stand.img,geno-extracted/QQTang5.2_Beta1Build1/data/object/mapElem/mine/elem18_stand.png
4019,4,mine,19,1,1,0,0,-1,0x0,3840,qqt/qqt_map_editor_fin-main/mapElem/mine/elem19_stand.img,geno-extracted/QQTang5.2_Beta1Build1/data/object/mapElem/mine/elem19_stand.png
4020,4,mine,20,1,1,0,0,-1,0x0,3840,qqt/qqt_map_editor_fin-main/mapElem/mine/elem20_stand.img,geno-extracted/QQTang5.2_Beta1Build1/data/object/mapElem/mine/elem20_stand.png
4021,4,mine,21,1,1,0,0,-1,0x0,3840,qqt/qqt_map_editor_fin-main/mapElem/mine/elem21_stand.img,geno-extracted/QQTang5.2_Beta1Build1/data/object/mapElem/mine/elem21_stand.png
4022,4,mine,22,1,1,0,0,-1,0x0,3840,qqt/qqt_map_editor_fin-main/mapElem/mine/elem22_stand.img,geno-extracted/QQTang5.2_Beta1Build1/data/object/mapElem/mine/elem22_stand.png
4023,4,mine,23,1,1,0,0,-1,0x0,3840,qqt/qqt_map_editor_fin-main/mapElem/mine/elem23_stand.img,geno-extracted/QQTang5.2_Beta1Build1/data/object/mapElem/mine/elem23_stand.png
4024,4,mine,24,1,1,0,0,-1,0x0,3840,qqt/qqt_map_editor_fin-main/mapElem/mine/elem24_stand.img,geno-extracted/QQTang5.2_Beta1Build1/data/object/mapElem/mine/elem24_stand.png
4025,4,mine,25,1,1,0,0,-1,0x0,3840,qqt/qqt_map_editor_fin-main/mapElem/mine/elem25_stand.img,geno-extracted/QQTang5.2_Beta1Build1/data/object/mapElem/mine/elem25_stand.png
4026,4,mine,26,1,1,0,0,-1,0x0,3840,qqt/qqt_map_editor_fin-main/mapElem/mine/elem26_stand.img,geno-extracted/QQTang5.2_Beta1Build1/data/object/mapElem/mine/elem26_stand.png
4027,4,mine,27,1,1,4,21,1,0x0,0,qqt/qqt_map_editor_fin-main/mapElem/mine/elem27_stand.img,geno-extracted/QQTang5.2_Beta1Build1/data/object/mapElem/mine/elem27_stand.png
4028,4,mine,28,1,1,1,31,-1,0x0,0,qqt/qqt_map_editor_fin-main/mapElem/mine/elem28_stand.img,geno-extracted/QQTang5.2_Beta1Build1/data/object/mapElem/mine/elem28_stand.png
4029,4,mine,29,1,1,1,21,-1,0x0,0,qqt/qqt_map_editor_fin-main/mapElem/mine/elem29_stand.img,geno-extracted/QQTang5.2_Beta1Build1/data/object/mapElem/mine/elem29_stand.png
4030,4,mine,30,1,1,0,0,-1,0x0,3855,qqt/qqt_map_editor_fin-main/mapElem/mine/elem30_stand.img,geno-extracted/QQTang5.2_Beta1Build1/data/object/mapElem/mine/elem30_stand.png
4031,4,mine,31,1,1,0,0,-1,0x0,3855,qqt/qqt_map_editor_fin-main/mapElem/mine/elem31_stand.img,geno-extracted/QQTang5.2_Beta1Build1/data/object/mapElem/mine/elem31_stand.png
4032,4,mine,32,1,1,0,0,-1,0x0,3855,qqt/qqt_map_editor_fin-main/mapElem/mine/elem32_stand.img,geno-extracted/QQTang5.2_Beta1Build1/data/object/mapElem/mine/elem32_stand.png
4033,4,mine,33,1,1,0,0,-1,0x0,3855,qqt/qqt_map_editor_fin-main/mapElem/mine/elem33_stand.img,geno-extracted/QQTang5.2_Beta1Build1/data/object/mapElem/mine/elem33_stand.png
4034,4,mine,34,1,1,0,0,-1,0x0,3855,qqt/qqt_map_editor_fin-main/mapElem/mine/elem34_stand.img,geno-extracted/QQTang5.2_Beta1Build1/data/object/mapElem/mine/elem34_stand.png
4035,4,mine,35,1,1,0,0,-1,0x0,3855,qqt/qqt_map_editor_fin-main/mapElem/mine/elem35_stand.img,geno-extracted/QQTang5.2_Beta1Build1/data/object/mapElem/mine/elem35_stand.png
4036,4,mine,36,1,1,0,0,-1,0x0,3855,qqt/qqt_map_editor_fin-main/mapElem/mine/elem36_stand.img,geno-extracted/QQTang5.2_Beta1Build1/data/object/mapElem/mine/elem36_stand.png
4037,4,mine,37,1,1,0,0,-1,0x0,3855,qqt/qqt_map_editor_fin-main/mapElem/mine/elem37_stand.img,geno-extracted/QQTang5.2_Beta1Build1/data/object/mapElem/mine/elem37_stand.png
4038,4,mine,38,1,1,0,0,-1,0x0,3855,qqt/qqt_map_editor_fin-main/mapElem/mine/elem38_stand.img,geno-extracted/QQTang5.2_Beta1Build1/data/object/mapElem/mine/elem38_stand.png
4039,4,mine,39,1,1,0,0,-1,0x0,3855,qqt/qqt_map_editor_fin-main/mapElem/mine/elem39_stand.img,geno-extracted/QQTang5.2_Beta1Build1/data/object/mapElem/mine/elem39_stand.png
4040,4,mine,40,1,2,0,0,-1,0x0,0,qqt/qqt_map_editor_fin-main/mapElem/mine/elem40_stand.img,geno-extracted/QQTang5.2_Beta1Build1/data/object/mapElem/mine/elem40_stand.png
4041,4,mine,41,1,1,0,0,-1,0x0,0,qqt/qqt_map_editor_fin-main/mapElem/mine/elem41_stand.img,geno-extracted/QQTang5.2_Beta1Build1/data/object/mapElem/mine/elem41_stand.png
4042,4,mine,42,1,1,0,0,-1,0x0,0,qqt/qqt_map_editor_fin-main/mapElem/mine/elem42_stand.img,geno-extracted/QQTang5.2_Beta1Build1/data/object/mapElem/mine/elem42_stand.png
4043,4,mine,43,1,1,0,0,-1,0x0,0,qqt/qqt_map_editor_fin-main/mapElem/mine/elem43_stand.img,geno-extracted/QQTang5.2_Beta1Build1/data/object/mapElem/mine/elem43_stand.png
4044,4,mine,44,1,1,0,0,-1,0x0,0,qqt/qqt_map_editor_fin-main/mapElem/mine/elem44_stand.img,geno-extracted/QQTang5.2_Beta1Build1/data/object/mapElem/mine/elem44_stand.png
4045,4,mine,45,1,1,0,0,-1,0x0,0,qqt/qqt_map_editor_fin-main/mapElem/mine/elem45_stand.img,geno-extracted/QQTang5.2_Beta1Build1/data/object/mapElem/mine/elem45_stand.png
4046,4,mine,46,1,1,0,0,-1,0x0,0,qqt/qqt_map_editor_fin-main/mapElem/mine/elem46_stand.img,geno-extracted/QQTang5.2_Beta1Build1/data/object/mapElem/mine/elem46_stand.png
4047,4,mine,47,1,2,0,0,-1,0x0,0,qqt/qqt_map_editor_fin-main/mapElem/mine/elem47_stand.img,geno-extracted/QQTang5.2_Beta1Build1/data/object/mapElem/mine/elem47_stand.png
4048,4,mine,48,1,2,0,0,-1,0x0,0,qqt/qqt_map_editor_fin-main/mapElem/mine/elem48_stand.img,geno-extracted/QQTang5.2_Beta1Build1/data/object/mapElem/mine/elem48_stand.png
4049,4,mine,49,1,2,0,0,-1,0x0,0,qqt/qqt_map_editor_fin-main/mapElem/mine/elem49_stand.img,geno-extracted/QQTang5.2_Beta1Build1/data/object/mapElem/mine/elem49_stand.png
4050,4,mine,50,1,2,0,0,-1,0x0,0,qqt/qqt_map_editor_fin-main/mapElem/mine/elem50_stand.img,geno-extracted/QQTang5.2_Beta1Build1/data/object/mapElem/mine/elem50_stand.png
4051,4,mine,51,1,1,2,41,-1,0x0,0,qqt/qqt_map_editor_fin-main/mapElem/mine/elem51_stand.img,geno-extracted/QQTang5.2_Beta1Build1/data/object/mapElem/mine/elem51_stand.png
4052,4,mine,52,1,1,1,37,-1,0x0,0,qqt/qqt_map_editor_fin-main/mapElem/mine/elem52_stand.img,geno-extracted/QQTang5.2_Beta1Build1/data/object/mapElem/mine/elem52_stand.png
4053,4,mine,53,1,1,1,43,-1,0x0,0,qqt/qqt_map_editor_fin-main/mapElem/mine/elem53_stand.img,geno-extracted/QQTang5.2_Beta1Build1/data/object/mapElem/mine/elem53_stand.png
4054,4,mine,54,1,1,1,43,-1,0x0,0,qqt/qqt_map_editor_fin-main/mapElem/mine/elem54_stand.img,geno-extracted/QQTang5.2_Beta1Build1/data/object/mapElem/mine/elem54_stand.png
4055,4,mine,55,1,1,0,0,-1,0x0,0,qqt/qqt_map_editor_fin-main/mapElem/mine/elem55_stand.img,geno-extracted/QQTang5.2_Beta1Build1/data/object/mapElem/mine/elem55_stand.png
4056,4,mine,56,1,1,0,0,-1,0x0,3855,qqt/qqt_map_editor_fin-main/mapElem/mine/elem56_stand.img,geno-extracted/QQTang5.2_Beta1Build1/data/object/mapElem/mine/elem56_stand.png
4057,4,mine,57,1,1,-1,44,-1,0x0,0,qqt/qqt_map_editor_fin-main/mapElem/mine/elem57_stand.img,geno-extracted/QQTang5.2_Beta1Build1/data/object/mapElem/mine/elem57_stand.png
4058,4,mine,58,1,2,0,0,-1,0x0,0,qqt/qqt_map_editor_fin-main/mapElem/mine/elem58_stand.img,geno-extracted/QQTang5.2_Beta1Build1/data/object/mapElem/mine/elem58_stand.png
4059,4,mine,59,1,2,0,0,-1,0x0,0,qqt/qqt_map_editor_fin-main/mapElem/mine/elem59_stand.img,geno-extracted/QQTang5.2_Beta1Build1/data/object/mapElem/mine/elem59_stand.png
4060,4,mine,60,1,2,0,0,-1,0x0,0,qqt/qqt_map_editor_fin-main/mapElem/mine/elem60_stand.img,geno-extracted/QQTang5.2_Beta1Build1/data/object/mapElem/mine/elem60_stand.png
4070,4,mine,70,12,8,-1,0,-1,0x0,"0,3855",qqt/qqt_map_editor_fin-main/mapElem/mine/elem70_stand.img,geno-extracted/QQTang5.2_Beta1Build1/data/object/mapElem/mine/elem70_stand.png
4071,4,mine,71,11,8,1,0,-1,0x0,"0,512,3840,3855",qqt/qqt_map_editor_fin-main/mapElem/mine/elem71_stand.img,geno-extracted/QQTang5.2_Beta1Build1/data/object/mapElem/mine/elem71_stand.png
4072,4,mine,72,3,2,-5,27,-1,0x0,0,qqt/qqt_map_editor_fin-main/mapElem/mine/elem72_stand.img,geno-extracted/QQTang5.2_Beta1Build1/data/object/mapElem/mine/elem72_stand.png
4078,4,mine,78,3,4,1,15,-1,0x0,0,qqt/qqt_map_editor_fin-main/mapElem/mine/elem78_stand.img,geno-extracted/QQTang5.2_Beta1Build1/data/object/mapElem/mine/elem78_stand.png
4079,4,mine,79,8,3,4,1,-1,0x0,0,qqt/qqt_map_editor_fin-main/mapElem/mine/elem79_stand.img,geno-extracted/QQTang5.2_Beta1Build1/data/object/mapElem/mine/elem79_stand.png
4080,4,mine,80,3,4,2,8,-1,0x0,0,qqt/qqt_map_editor_fin-main/mapElem/mine/elem80_stand.img,geno-extracted/QQTang5.2_Beta1Build1/data/object/mapElem/mine/elem80_stand.png
4081,4,mine,81,2,3,10,1,-1,0x0,0,qqt/qqt_map_editor_fin-main/mapElem/mine/elem81_stand.img,geno-extracted/QQTang5.2_Beta1Build1/data/object/mapElem/mine/elem81_stand.png
4082,4,mine,82,5,2,1,7,-1,0x0,0,qqt/qqt_map_editor_fin-main/mapElem/mine/elem82_stand.img,geno-extracted/QQTang5.2_Beta1Build1/data/object/mapElem/mine/elem82_stand.png
4083,4,mine,83,5,2,-2,5,-1,0x0,0,qqt/qqt_map_editor_fin-main/mapElem/mine/elem83_stand.img,geno-extracted/QQTang5.2_Beta1Build1/data/object/mapElem/mine/elem83_stand.png
4084,4,mine,84,2,3,8,3,-1,0x0,0,qqt/qqt_map_editor_fin-main/mapElem/mine/elem84_stand.img,geno-extracted/QQTang5.2_Beta1Build1/data/object/mapElem/mine/elem84_stand.png
5001,5,water,1,1,1,0,0,-1,0x0,3855,qqt/qqt_map_editor_fin-main/mapElem/water/elem1_stand.img,geno-extracted/QQTang5.2_Beta1Build1/data/object/mapElem/water/elem1_stand.png
5002,5,water,2,1,1,5,12,1,0x0,0,qqt/qqt_map_editor_fin-main/mapElem/water/elem2_stand.img,geno-extracted/QQTang5.2_Beta1Build1/data/object/mapElem/water/elem2_stand.png
5003,5,water,3,1,1,1,21,1,0x0,0,qqt/qqt_map_editor_fin-main/mapElem/water/elem3_stand.img,geno-extracted/QQTang5.2_Beta1Build1/data/object/mapElem/water/elem3_stand.png
5004,5,water,4,1,1,2,20,1,0x0,0,qqt/qqt_map_editor_fin-main/mapElem/water/elem4_stand.img,geno-extracted/QQTang5.2_Beta1Build1/data/object/mapElem/water/elem4_stand.png
5005,5,water,5,1,1,1,22,-1,0x0,0,qqt/qqt_map_editor_fin-main/mapElem/water/elem5_stand.img,geno-extracted/QQTang5.2_Beta1Build1/data/object/mapElem/water/elem5_stand.png
5006,5,water,6,1,1,-1,12,-1,0x0,0,qqt/qqt_map_editor_fin-main/mapElem/water/elem6_stand.img,geno-extracted/QQTang5.2_Beta1Build1/data/object/mapElem/water/elem6_stand.png
5007,5,water,7,1,1,4,12,-1,0x0,0,qqt/qqt_map_editor_fin-main/mapElem/water/elem7_stand.img,geno-extracted/QQTang5.2_Beta1Build1/data/object/mapElem/water/elem7_stand.png
5008,5,water,8,1,1,4,12,-1,0x0,0,qqt/qqt_map_editor_fin-main/mapElem/water/elem8_stand.img,geno-extracted/QQTang5.2_Beta1Build1/data/object/mapElem/water/elem8_stand.png
5009,5,water,9,3,2,4,14,-1,0x0,0,qqt/qqt_map_editor_fin-main/mapElem/water/elem9_stand.img,geno-extracted/QQTang5.2_Beta1Build1/data/object/mapElem/water/elem9_stand.png
5010,5,water,10,1,1,0,18,-1,0x0,5397,qqt/qqt_map_editor_fin-main/mapElem/water/elem10_stand.img,geno-extracted/QQTang5.2_Beta1Build1/data/object/mapElem/water/elem10_stand.png
5011,5,water,11,4,2,0,1,-1,0x0,0,qqt/qqt_map_editor_fin-main/mapElem/water/elem11_stand.img,geno-extracted/QQTang5.2_Beta1Build1/data/object/mapElem/water/elem11_stand.png
5012,5,water,12,1,1,0,22,-1,0x0,0,qqt/qqt_map_editor_fin-main/mapElem/water/elem12_stand.img,geno-extracted/QQTang5.2_Beta1Build1/data/object/mapElem/water/elem12_stand.png
5013,5,water,13,1,1,0,7,-1,0x0,0,qqt/qqt_map_editor_fin-main/mapElem/water/elem13_stand.img,geno-extracted/QQTang5.2_Beta1Build1/data/object/mapElem/water/elem13_stand.png
5014,5,water,14,1,1,0,15,1,0x0,0,qqt/qqt_map_editor_fin-main/mapElem/water/elem14_stand.img,geno-extracted/QQTang5.2_Beta1Build1/data/object/mapElem/water/elem14_stand.png
5015,5,water,15,1,1,4,10,-1,0x0,0,qqt/qqt_map_editor_fin-main/mapElem/water/elem15_stand.img,geno-extracted/QQTang5.2_Beta1Build1/data/object/mapElem/water/elem15_stand.png
5016,5,water,16,1,1,5,10,-1,0x0,0,qqt/qqt_map_editor_fin-main/mapElem/water/elem16_stand.img,geno-extracted/QQTang5.2_Beta1Build1/data/object/mapElem/water/elem16_stand.png
5017,5,water,17,1,1,5,12,1,0x0,0,qqt/qqt_map_editor_fin-main/mapElem/water/elem17_stand.img,geno-extracted/QQTang5.2_Beta1Build1/data/object/mapElem/water/elem17_stand.png
5018,5,water,18,1,1,4,12,-1,0x0,0,qqt/qqt_map_editor_fin-main/mapElem/water/elem18_stand.img,geno-extracted/QQTang5.2_Beta1Build1/data/object/mapElem/water/elem18_stand.png
5019,5,water,19,1,1,0,0,-1,0x0,3855,qqt/qqt_map_editor_fin-main/mapElem/water/elem19_stand.img,geno-extracted/QQTang5.2_Beta1Build1/data/object/mapElem/water/elem19_stand.png
5020,5,water,20,1,1,0,10,1,0x0,0,qqt/qqt_map_editor_fin-main/mapElem/water/elem20_stand.img,geno-extracted/QQTang5.2_Beta1Build1/data/object/mapElem/water/elem20_stand.png
5021,5,water,21,1,1,1,10,-1,0x0,0,qqt/qqt_map_editor_fin-main/mapElem/water/elem21_stand.img,geno-extracted/QQTang5.2_Beta1Build1/data/object/mapElem/water/elem21_stand.png
5023,5,water,23,1,1,0,0,-1,0x0,0,qqt/qqt_map_editor_fin-main/mapElem/water/elem23_stand.img,geno-extracted/QQTang5.2_Beta1Build1/data/object/mapElem/water/elem23_stand.png
5024,5,water,24,1,1,4,11,1,0x0,0,qqt/qqt_map_editor_fin-main/mapElem/water/elem24_stand.img,geno-extracted/QQTang5.2_Beta1Build1/data/object/mapElem/water/elem24_stand.png
5025,5,water,25,1,1,4,13,-1,0x0,0,qqt/qqt_map_editor_fin-main/mapElem/water/elem25_stand.img,geno-extracted/QQTang5.2_Beta1Build1/data/object/mapElem/water/elem25_stand.png
5026,5,water,26,1,1,1,21,-1,0x0,0,qqt/qqt_map_editor_fin-main/mapElem/water/elem26_stand.img,geno-extracted/QQTang5.2_Beta1Build1/data/object/mapElem/water/elem26_stand.png
5028,5,water,28,1,1,5,9,-1,0x0,0,qqt/qqt_map_editor_fin-main/mapElem/water/elem28_stand.img,geno-extracted/QQTang5.2_Beta1Build1/data/object/mapElem/water/elem28_stand.png
5029,5,water,29,1,1,0,9,1,0x0,0,qqt/qqt_map_editor_fin-main/mapElem/water/elem29_stand.img,geno-extracted/QQTang5.2_Beta1Build1/data/object/mapElem/water/elem29_stand.png
5030,5,water,30,1,1,0,11,-1,0x0,0,qqt/qqt_map_editor_fin-main/mapElem/water/elem30_stand.img,geno-extracted/QQTang5.2_Beta1Build1/data/object/mapElem/water/elem30_stand.png
5034,5,water,34,2,1,17,49,-1,0x0,0,qqt/qqt_map_editor_fin-main/mapElem/water/elem34_stand.img,geno-extracted/QQTang5.2_Beta1Build1/data/object/mapElem/water/elem34_stand.png
5035,5,water,35,5,2,0,74,-1,0x0,0,qqt/qqt_map_editor_fin-main/mapElem/water/elem35_stand.img,geno-extracted/QQTang5.2_Beta1Build1/data/object/mapElem/water/elem35_stand.png
5036,5,water,36,15,2,0,0,-1,0x0,0,qqt/qqt_map_editor_fin-main/mapElem/water/elem36_stand.img,geno-extracted/QQTang5.2_Beta1Build1/data/object/mapElem/water/elem36_stand.png
5037,5,water,37,1,1,1,3,-1,0x0,0,qqt/qqt_map_editor_fin-main/mapElem/water/elem37_stand.img,geno-extracted/QQTang5.2_Beta1Build1/data/object/mapElem/water/elem37_stand.png
6001,6,field,1,1,1,0,0,-1,0x0,3855,qqt/qqt_map_editor_fin-main/mapElem/field/elem1_stand.img,geno-extracted/QQTang5.2_Beta1Build1/data/object/mapElem/field/elem1_stand.png
6002,6,field,2,1,1,4,14,1,0x0,0,qqt/qqt_map_editor_fin-main/mapElem/field/elem2_stand.img,geno-extracted/QQTang5.2_Beta1Build1/data/object/mapElem/field/elem2_stand.png
6003,6,field,3,1,1,4,12,1,0x0,7967,qqt/qqt_map_editor_fin-main/mapElem/field/elem3_stand.img,geno-extracted/QQTang5.2_Beta1Build1/data/object/mapElem/field/elem3_stand.png
6004,6,field,4,1,1,4,13,1,0x0,0,qqt/qqt_map_editor_fin-main/mapElem/field/elem4_stand.img,geno-extracted/QQTang5.2_Beta1Build1/data/object/mapElem/field/elem4_stand.png
6005,6,field,5,1,1,3,12,1,0x0,0,qqt/qqt_map_editor_fin-main/mapElem/field/elem5_stand.img,geno-extracted/QQTang5.2_Beta1Build1/data/object/mapElem/field/elem5_stand.png
6006,6,field,6,1,1,-1,11,1,0x0,0,qqt/qqt_map_editor_fin-main/mapElem/field/elem6_stand.img,geno-extracted/QQTang5.2_Beta1Build1/data/object/mapElem/field/elem6_stand.png
6007,6,field,7,1,1,3,14,-1,0x0,0,qqt/qqt_map_editor_fin-main/mapElem/field/elem7_stand.img,geno-extracted/QQTang5.2_Beta1Build1/data/object/mapElem/field/elem7_stand.png
6008,6,field,8,1,1,6,22,-1,0x0,0,qqt/qqt_map_editor_fin-main/mapElem/field/elem8_stand.img,geno-extracted/QQTang5.2_Beta1Build1/data/object/mapElem/field/elem8_stand.png
6009,6,field,9,1,1,3,16,-1,0x0,0,qqt/qqt_map_editor_fin-main/mapElem/field/elem9_stand.img,geno-extracted/QQTang5.2_Beta1Build1/data/object/mapElem/field/elem9_stand.png
6010,6,field,10,1,1,5,23,-1,0x0,0,qqt/qqt_map_editor_fin-main/mapElem/field/elem10_stand.img,geno-extracted/QQTang5.2_Beta1Build1/data/object/mapElem/field/elem10_stand.png
6011,6,field,11,3,2,5,33,-1,0x0,0,qqt/qqt_map_editor_fin-main/mapElem/field/elem11_stand.img,geno-extracted/QQTang5.2_Beta1Build1/data/object/mapElem/field/elem11_stand.png
6012,6,field,12,1,1,2,14,1,0x0,0,qqt/qqt_map_editor_fin-main/mapElem/field/elem12_stand.img,geno-extracted/QQTang5.2_Beta1Build1/data/object/mapElem/field/elem12_stand.png
6013,6,field,13,1,1,4,25,-1,0x0,0,qqt/qqt_map_editor_fin-main/mapElem/field/elem13_stand.img,geno-extracted/QQTang5.2_Beta1Build1/data/object/mapElem/field/elem13_stand.png
6014,6,field,14,1,1,4,26,-1,0x0,0,qqt/qqt_map_editor_fin-main/mapElem/field/elem14_stand.img,geno-extracted/QQTang5.2_Beta1Build1/data/object/mapElem/field/elem14_stand.png
6015,6,field,15,1,1,4,26,-1,0x0,0,qqt/qqt_map_editor_fin-main/mapElem/field/elem15_stand.img,geno-extracted/QQTang5.2_Beta1Build1/data/object/mapElem/field/elem15_stand.png
6016,6,field,16,1,1,-1,12,-1,0x0,0,qqt/qqt_map_editor_fin-main/mapElem/field/elem16_stand.img,geno-extracted/QQTang5.2_Beta1Build1/data/object/mapElem/field/elem16_stand.png
6017,6,field,17,1,1,0,0,-1,0x0,3855,qqt/qqt_map_editor_fin-main/mapElem/field/elem17_stand.img,geno-extracted/QQTang5.2_Beta1Build1/data/object/mapElem/field/elem17_stand.png
6018,6,field,18,1,1,0,0,-1,0x0,3855,qqt/qqt_map_editor_fin-main/mapElem/field/elem18_stand.img,geno-extracted/QQTang5.2_Beta1Build1/data/object/mapElem/field/elem18_stand.png
6019,6,field,19,1,1,0,0,-1,0x0,3855,qqt/qqt_map_editor_fin-main/mapElem/field/elem19_stand.img,geno-extracted/QQTang5.2_Beta1Build1/data/object/mapElem/field/elem19_stand.png
6020,6,field,20,1,1,0,0,-1,0x0,3855,qqt/qqt_map_editor_fin-main/mapElem/field/elem20_stand.img,geno-extracted/QQTang5.2_Beta1Build1/data/object/mapElem/field/elem20_stand.png
6021,6,field,21,1,1,0,0,-1,0x0,3855,qqt/qqt_map_editor_fin-main/mapElem/field/elem21_stand.img,geno-extracted/QQTang5.2_Beta1Build1/data/object/mapElem/field/elem21_stand.png
6022,6,field,22,1,1,0,0,-1,0x0,3855,qqt/qqt_map_editor_fin-main/mapElem/field/elem22_stand.img,geno-extracted/QQTang5.2_Beta1Build1/data/object/mapElem/field/elem22_stand.png
6023,6,field,23,1,1,0,0,-1,0x0,3855,qqt/qqt_map_editor_fin-main/mapElem/field/elem23_stand.img,geno-extracted/QQTang5.2_Beta1Build1/data/object/mapElem/field/elem23_stand.png
6024,6,field,24,1,1,0,0,-1,0x0,3855,qqt/qqt_map_editor_fin-main/mapElem/field/elem24_stand.img,geno-extracted/QQTang5.2_Beta1Build1/data/object/mapElem/field/elem24_stand.png
7001,7,bomb,1,1,1,0,0,-1,0x0,3855,qqt/qqt_map_editor_fin-main/mapElem/bomb/elem1_stand.img,geno-extracted/QQTang5.2_Beta1Build1/data/object/mapElem/bomb/elem1_stand.png
7002,7,bomb,2,1,1,0,0,-1,0x0,3855,qqt/qqt_map_editor_fin-main/mapElem/bomb/elem2_stand.img,geno-extracted/QQTang5.2_Beta1Build1/data/object/mapElem/bomb/elem2_stand.png
7003,7,bomb,3,6,1,11,39,-1,0x0,0,qqt/qqt_map_editor_fin-main/mapElem/bomb/elem3_stand.img,geno-extracted/QQTang5.2_Beta1Build1/data/object/mapElem/bomb/elem3_stand.png
7004,7,bomb,4,6,1,11,35,-1,0x0,0,qqt/qqt_map_editor_fin-main/mapElem/bomb/elem4_stand.img,geno-extracted/QQTang5.2_Beta1Build1/data/object/mapElem/bomb/elem4_stand.png
7005,7,bomb,5,1,1,4,3,-1,0x0,0,qqt/qqt_map_editor_fin-main/mapElem/bomb/elem5_stand.img,geno-extracted/QQTang5.2_Beta1Build1/data/object/mapElem/bomb/elem5_stand.png
7006,7,bomb,6,1,1,4,3,-1,0x0,0,qqt/qqt_map_editor_fin-main/mapElem/bomb/elem6_stand.img,geno-extracted/QQTang5.2_Beta1Build1/data/object/mapElem/bomb/elem6_stand.png
7007,7,bomb,7,1,3,0,4,-1,0x0,0,qqt/qqt_map_editor_fin-main/mapElem/bomb/elem7_stand.img,geno-extracted/QQTang5.2_Beta1Build1/data/object/mapElem/bomb/elem7_stand.png
7008,7,bomb,8,1,3,8,3,-1,0x0,0,qqt/qqt_map_editor_fin-main/mapElem/bomb/elem8_stand.img,geno-extracted/QQTang5.2_Beta1Build1/data/object/mapElem/bomb/elem8_stand.png
7010,7,bomb,10,1,1,-6,16,-1,0x0,0,qqt/qqt_map_editor_fin-main/mapElem/bomb/elem10_stand.img,geno-extracted/QQTang5.2_Beta1Build1/data/object/mapElem/bomb/elem10_stand.gif
7011,7,bomb,11,3,1,2,30,-1,0x0,0,qqt/qqt_map_editor_fin-main/mapElem/bomb/elem11_stand.img,geno-extracted/QQTang5.2_Beta1Build1/data/object/mapElem/bomb/elem11_stand.png
7012,7,bomb,12,1,1,0,0,-1,0x0,3855,qqt/qqt_map_editor_fin-main/mapElem/bomb/elem12_stand.img,geno-extracted/QQTang5.2_Beta1Build1/data/object/mapElem/bomb/elem12_stand.png
7013,7,bomb,13,1,1,0,0,-1,0x0,3855,qqt/qqt_map_editor_fin-main/mapElem/bomb/elem13_stand.img,geno-extracted/QQTang5.2_Beta1Build1/data/object/mapElem/bomb/elem13_stand.png
7014,7,bomb,14,1,1,0,0,-1,0x0,3855,qqt/qqt_map_editor_fin-main/mapElem/bomb/elem14_stand.img,geno-extracted/QQTang5.2_Beta1Build1/data/object/mapElem/bomb/elem14_stand.png
8001,8,bun,1,1,1,2,10,1,0x0,0,qqt/qqt_map_editor_fin-main/mapElem/bun/elem1_stand.img,geno-extracted/QQTang5.2_Beta1Build1/data/object/mapElem/bun/elem1_stand.png
8002,8,bun,2,1,1,2,10,1,0x0,0,qqt/qqt_map_editor_fin-main/mapElem/bun/elem2_stand.img,geno-extracted/QQTang5.2_Beta1Build1/data/object/mapElem/bun/elem2_stand.png
8003,8,bun,3,1,1,2,10,1,0x0,0,qqt/qqt_map_editor_fin-main/mapElem/bun/elem3_stand.img,geno-extracted/QQTang5.2_Beta1Build1/data/object/mapElem/bun/elem3_stand.png
8004,8,bun,4,1,1,2,10,1,0x0,0,qqt/qqt_map_editor_fin-main/mapElem/bun/elem4_stand.img,geno-extracted/QQTang5.2_Beta1Build1/data/object/mapElem/bun/elem4_stand.png
8005,8,bun,5,1,1,2,21,-1,0x0,0,qqt/qqt_map_editor_fin-main/mapElem/bun/elem5_stand.img,geno-extracted/QQTang5.2_Beta1Build1/data/object/mapElem/bun/elem5_stand.png
8006,8,bun,6,1,1,2,21,-1,0x0,0,qqt/qqt_map_editor_fin-main/mapElem/bun/elem6_stand.img,geno-extracted/QQTang5.2_Beta1Build1/data/object/mapElem/bun/elem6_stand.png
8007,8,bun,7,1,1,2,17,1,0x0,0,qqt/qqt_map_editor_fin-main/mapElem/bun/elem7_stand.img,geno-extracted/QQTang5.2_Beta1Build1/data/object/mapElem/bun/elem7_stand.png
8008,8,bun,8,4,2,0,45,-1,0x0,0,qqt/qqt_map_editor_fin-main/mapElem/bun/elem8_stand.img,geno-extracted/QQTang5.2_Beta1Build1/data/object/mapElem/bun/elem8_stand.png
8009,8,bun,9,3,3,1,20,-1,0x0,"0,7967",qqt/qqt_map_editor_fin-main/mapElem/bun/elem9_stand.img,geno-extracted/QQTang5.2_Beta1Build1/data/object/mapElem/bun/elem9_stand.png
8010,8,bun,10,3,3,1,20,-1,0x0,"0,7967",qqt/qqt_map_editor_fin-main/mapElem/bun/elem10_stand.img,geno-extracted/QQTang5.2_Beta1Build1/data/object/mapElem/bun/elem10_stand.png
8011,8,bun,11,1,1,0,0,-1,0x0,3855,qqt/qqt_map_editor_fin-main/mapElem/bun/elem11_stand.img,geno-extracted/QQTang5.2_Beta1Build1/data/object/mapElem/bun/elem11_stand.png
8012,8,bun,12,1,1,1,21,-1,0x0,0,qqt/qqt_map_editor_fin-main/mapElem/bun/elem12_stand.img,geno-extracted/QQTang5.2_Beta1Build1/data/object/mapElem/bun/elem12_stand.png
8013,8,bun,13,1,1,0,0,-1,0x0,3855,qqt/qqt_map_editor_fin-main/mapElem/bun/elem13_stand.img,geno-extracted/QQTang5.2_Beta1Build1/data/object/mapElem/bun/elem13_stand.png
8014,8,bun,14,3,3,2,19,-1,0x0,"0,7967",qqt/qqt_map_editor_fin-main/mapElem/bun/elem14_stand.img,geno-extracted/QQTang5.2_Beta1Build1/data/object/mapElem/bun/elem14_stand.png
8015,8,bun,15,1,1,0,0,-1,0x0,3855,qqt/qqt_map_editor_fin-main/mapElem/bun/elem15_stand.img,geno-extracted/QQTang5.2_Beta1Build1/data/object/mapElem/bun/elem15_stand.png
8016,8,bun,16,1,1,0,-5,-1,0x0,3855,qqt/qqt_map_editor_fin-main/mapElem/bun/elem16_stand.img,geno-extracted/QQTang5.2_Beta1Build1/data/object/mapElem/bun/elem16_stand.png
8017,8,bun,17,1,1,0,0,-1,0x0,3855,qqt/qqt_map_editor_fin-main/mapElem/bun/elem17_stand.img,geno-extracted/QQTang5.2_Beta1Build1/data/object/mapElem/bun/elem17_stand.gif
8018,8,bun,18,1,1,0,16,-1,0x0,0,qqt/qqt_map_editor_fin-main/mapElem/bun/elem18_stand.img,geno-extracted/QQTang5.2_Beta1Build1/data/object/mapElem/bun/elem18_stand.gif
8019,8,bun,19,1,1,0,19,1,0x0,0,qqt/qqt_map_editor_fin-main/mapElem/bun/elem19_stand.img,geno-extracted/QQTang5.2_Beta1Build1/data/object/mapElem/bun/elem19_stand.gif
8021,8,bun,21,1,1,4,33,3,0x0,0,qqt/qqt_map_editor_fin-main/mapElem/bun/elem21_stand.img,geno-extracted/QQTang5.2_Beta1Build1/data/object/mapElem/bun/elem21_stand.png
8022,8,bun,22,1,1,4,16,2,0x0,0,qqt/qqt_map_editor_fin-main/mapElem/bun/elem22_stand.img,geno-extracted/QQTang5.2_Beta1Build1/data/object/mapElem/bun/elem22_stand.png
8023,8,bun,23,1,1,3,-1,1,0x0,0,qqt/qqt_map_editor_fin-main/mapElem/bun/elem23_stand.img,geno-extracted/QQTang5.2_Beta1Build1/data/object/mapElem/bun/elem23_stand.png
8024,8,bun,24,5,4,0,0,-1,0x0,3855,qqt/qqt_map_editor_fin-main/mapElem/bun/elem24_stand.img,geno-extracted/QQTang5.2_Beta1Build1/data/object/mapElem/bun/elem24_stand.png
8025,8,bun,25,5,2,0,0,-1,0x0,3855,qqt/qqt_map_editor_fin-main/mapElem/bun/elem25_stand.img,geno-extracted/QQTang5.2_Beta1Build1/data/object/mapElem/bun/elem25_stand.png
8026,8,bun,26,3,3,0,0,-1,0x0,3855,qqt/qqt_map_editor_fin-main/mapElem/bun/elem26_stand.img,geno-extracted/QQTang5.2_Beta1Build1/data/object/mapElem/bun/elem26_stand.png
8027,8,bun,27,4,3,0,0,-1,0x0,3855,qqt/qqt_map_editor_fin-main/mapElem/bun/elem27_stand.img,geno-extracted/QQTang5.2_Beta1Build1/data/object/mapElem/bun/elem27_stand.png
8028,8,bun,28,5,2,0,0,-1,0x0,3855,qqt/qqt_map_editor_fin-main/mapElem/bun/elem28_stand.img,geno-extracted/QQTang5.2_Beta1Build1/data/object/mapElem/bun/elem28_stand.png
9001,9,pig,1,1,1,0,0,-1,0x0,3855,qqt/qqt_map_editor_fin-main/mapElem/pig/elem1_stand.img,geno-extracted/QQTang5.2_Beta1Build1/data/object/mapElem/pig/elem1_stand.png
9002,9,pig,2,1,1,0,0,-1,0x0,3855,qqt/qqt_map_editor_fin-main/mapElem/pig/elem2_stand.img,geno-extracted/QQTang5.2_Beta1Build1/data/object/mapElem/pig/elem2_stand.png
9003,9,pig,3,1,1,2,81,-1,0x0,0,qqt/qqt_map_editor_fin-main/mapElem/pig/elem3_stand.img,geno-extracted/QQTang5.2_Beta1Build1/data/object/mapElem/pig/elem3_stand.png
9004,9,pig,4,4,3,1,62,-1,0x0,0,qqt/qqt_map_editor_fin-main/mapElem/pig/elem4_stand.img,geno-extracted/QQTang5.2_Beta1Build1/data/object/mapElem/pig/elem4_stand.png
9005,9,pig,5,3,2,3,65,-1,0x0,0,qqt/qqt_map_editor_fin-main/mapElem/pig/elem5_stand.img,geno-extracted/QQTang5.2_Beta1Build1/data/object/mapElem/pig/elem5_stand.png
9006,9,pig,6,2,2,2,14,-1,0x0,0,qqt/qqt_map_editor_fin-main/mapElem/pig/elem6_stand.img,geno-extracted/QQTang5.2_Beta1Build1/data/object/mapElem/pig/elem6_stand.png
9007,9,pig,7,2,1,-1,23,-1,0x0,0,qqt/qqt_map_editor_fin-main/mapElem/pig/elem7_stand.img,geno-extracted/QQTang5.2_Beta1Build1/data/object/mapElem/pig/elem7_stand.gif
9008,9,pig,8,2,1,0,22,-1,0x2,0,qqt/qqt_map_editor_fin-main/mapElem/pig/elem8_stand.img,geno-extracted/QQTang5.2_Beta1Build1/data/object/mapElem/pig/elem8_stand.gif
9009,9,pig,9,1,1,3,15,-1,0x0,0,qqt/qqt_map_editor_fin-main/mapElem/pig/elem9_stand.img,geno-extracted/QQTang5.2_Beta1Build1/data/object/mapElem/pig/elem9_stand.png
9010,9,pig,10,1,1,5,21,1,0x2,0,qqt/qqt_map_editor_fin-main/mapElem/pig/elem10_stand.img,geno-extracted/QQTang5.2_Beta1Build1/data/object/mapElem/pig/elem10_stand.png
9011,9,pig,11,1,1,1,11,1,0x0,0,qqt/qqt_map_editor_fin-main/mapElem/pig/elem11_stand.img,geno-extracted/QQTang5.2_Beta1Build1/data/object/mapElem/pig/elem11_stand.png
9012,9,pig,12,1,1,1,11,1,0x2,0,qqt/qqt_map_editor_fin-main/mapElem/pig/elem12_stand.img,geno-extracted/QQTang5.2_Beta1Build1/data/object/mapElem/pig/elem12_stand.png
9013,9,pig,13,1,1,2,41,-1,0x0,5397,qqt/qqt_map_editor_fin-main/mapElem/pig/elem13_stand.img,geno-extracted/QQTang5.2_Beta1Build1/data/object/mapElem/pig/elem13_stand.png
9014,9,pig,14,1,1,21,81,-1,0x0,0,qqt/qqt_map_editor_fin-main/mapElem/pig/elem14_stand.img,geno-extracted/QQTang5.2_Beta1Build1/data/object/mapElem/pig/elem14_stand.png
10001,10,treasure,1,1,1,0,0,-1,0x0,3855,qqt/qqt_map_editor_fin-main/mapElem/treasure/elem1_stand.img,geno-extracted/QQTang5.2_Beta1Build1/data/object/mapElem/treasure/elem1_stand.png
10002,10,treasure,2,1,1,0,0,-1,0x0,0,qqt/qqt_map_editor_fin-main/mapElem/treasure/elem2_stand.img,geno-extracted/QQTang5.2_Beta1Build1/data/object/mapElem/treasure/elem2_stand.png
10003,10,treasure,3,1,1,0,0,-1,0x0,0,qqt/qqt_map_editor_fin-main/mapElem/treasure/elem3_stand.img,geno-extracted/QQTang5.2_Beta1Build1/data/object/mapElem/treasure/elem3_stand.png
10004,10,treasure,4,1,1,0,0,-1,0x0,0,qqt/qqt_map_editor_fin-main/mapElem/treasure/elem4_stand.img,geno-extracted/QQTang5.2_Beta1Build1/data/object/mapElem/treasure/elem4_stand.png
10005,10,treasure,5,1,1,2,12,1,0x0,0,qqt/qqt_map_editor_fin-main/mapElem/treasure/elem5_stand.img,geno-extracted/QQTang5.2_Beta1Build1/data/object/mapElem/treasure/elem5_stand.png
10006,10,treasure,6,1,1,0,19,-1,0x0,0,qqt/qqt_map_editor_fin-main/mapElem/treasure/elem6_stand.img,geno-extracted/QQTang5.2_Beta1Build1/data/object/mapElem/treasure/elem6_stand.gif
10007,10,treasure,7,1,1,2,13,1,0x2,0,qqt/qqt_map_editor_fin-main/mapElem/treasure/elem7_stand.img,geno-extracted/QQTang5.2_Beta1Build1/data/object/mapElem/treasure/elem7_stand.png
10008,10,treasure,8,1,1,1,13,1,0x2,0,qqt/qqt_map_editor_fin-main/mapElem/treasure/elem8_stand.img,geno-extracted/QQTang5.2_Beta1Build1/data/object/mapElem/treasure/elem8_stand.png
10009,10,treasure,9,3,3,1,2,-1,0x0,0,qqt/qqt_map_editor_fin-main/mapElem/treasure/elem9_stand.img,geno-extracted/QQTang5.2_Beta1Build1/data/object/mapElem/treasure/elem9_stand.png
10010,10,treasure,10,1,1,0,0,-1,0x0,3855,qqt/qqt_map_editor_fin-main/mapElem/treasure/elem10_stand.img,geno-extracted/QQTang5.2_Beta1Build1/data/object/mapElem/treasure/elem10_stand.png
10011,10,treasure,11,1,1,0,0,-1,0x0,3855,qqt/qqt_map_editor_fin-main/mapElem/treasure/elem11_stand.img,geno-extracted/QQTang5.2_Beta1Build1/data/object/mapElem/treasure/elem11_stand.png
10012,10,treasure,12,1,1,-1,45,-1,0x0,0,qqt/qqt_map_editor_fin-main/mapElem/treasure/elem12_stand.img,geno-extracted/QQTang5.2_Beta1Build1/data/object/mapElem/treasure/elem12_stand.png
10013,10,treasure,13,1,1,-1,43,-1,0x0,0,qqt/qqt_map_editor_fin-main/mapElem/treasure/elem13_stand.img,geno-extracted/QQTang5.2_Beta1Build1/data/object/mapElem/treasure/elem13_stand.png
10014,10,treasure,14,1,1,0,41,-1,0x0,6682,qqt/qqt_map_editor_fin-main/mapElem/treasure/elem14_stand.img,geno-extracted/QQTang5.2_Beta1Build1/data/object/mapElem/treasure/elem14_stand.png
10015,10,treasure,15,1,1,0,0,-1,0x0,0,qqt/qqt_map_editor_fin-main/mapElem/treasure/elem15_stand.img,geno-extracted/QQTang5.2_Beta1Build1/data/object/mapElem/treasure/elem15_stand.png
10016,10,treasure,16,1,1,0,0,-1,0x0,0,qqt/qqt_map_editor_fin-main/mapElem/treasure/elem16_stand.img,geno-extracted/QQTang5.2_Beta1Build1/data/object/mapElem/treasure/elem16_stand.png
10017,10,treasure,17,1,1,0,0,-1,0x0,0,qqt/qqt_map_editor_fin-main/mapElem/treasure/elem17_stand.img,geno-extracted/QQTang5.2_Beta1Build1/data/object/mapElem/treasure/elem17_stand.png
11001,11,match,1,1,1,1,0,-1,0x0,3855,qqt/qqt_map_editor_fin-main/mapElem/match/elem1_stand.img,geno-extracted/QQTang5.2_Beta1Build1/data/object/mapElem/match/elem1_stand.png
11002,11,match,2,1,1,3,10,1,0x0,0,qqt/qqt_map_editor_fin-main/mapElem/match/elem2_stand.img,geno-extracted/QQTang5.2_Beta1Build1/data/object/mapElem/match/elem2_stand.png
11003,11,match,3,1,1,4,11,1,0x0,0,qqt/qqt_map_editor_fin-main/mapElem/match/elem3_stand.img,geno-extracted/QQTang5.2_Beta1Build1/data/object/mapElem/match/elem3_stand.png
11004,11,match,4,15,4,1,0,-1,0x0,0,qqt/qqt_map_editor_fin-main/mapElem/match/elem4_stand.img,geno-extracted/QQTang5.2_Beta1Build1/data/object/mapElem/match/elem4_stand.png
11005,11,match,5,1,9,0,0,-1,0x0,0,qqt/qqt_map_editor_fin-main/mapElem/match/elem5_stand.img,geno-extracted/QQTang5.2_Beta1Build1/data/object/mapElem/match/elem5_stand.png
11006,11,match,6,1,9,0,0,-1,0x0,0,qqt/qqt_map_editor_fin-main/mapElem/match/elem6_stand.img,geno-extracted/QQTang5.2_Beta1Build1/data/object/mapElem/match/elem6_stand.png
11007,11,match,7,13,1,0,0,-1,0x0,0,qqt/qqt_map_editor_fin-main/mapElem/match/elem7_stand.img,geno-extracted/QQTang5.2_Beta1Build1/data/object/mapElem/match/elem7_stand.png
11008,11,match,8,1,1,3,12,-1,0x0,0,qqt/qqt_map_editor_fin-main/mapElem/match/elem8_stand.img,geno-extracted/QQTang5.2_Beta1Build1/data/object/mapElem/match/elem8_stand.png
11009,11,match,9,1,1,1,14,-1,0x0,0,qqt/qqt_map_editor_fin-main/mapElem/match/elem9_stand.img,geno-extracted/QQTang5.2_Beta1Build1/data/object/mapElem/match/elem9_stand.png
12001,12,sculpture,1,1,1,0,0,-1,0x0,3855,qqt/qqt_map_editor_fin-main/mapElem/sculpture/elem1_stand.img,geno-extracted/QQTang5.2_Beta1Build1/data/object/mapElem/sculpture/elem1_stand.png
12002,12,sculpture,2,1,1,0,14,1,0x0,0,qqt/qqt_map_editor_fin-main/mapElem/sculpture/elem2_stand.img,geno-extracted/QQTang5.2_Beta1Build1/data/object/mapElem/sculpture/elem2_stand.png
12003,12,sculpture,3,1,1,2,13,1,0x0,0,qqt/qqt_map_editor_fin-main/mapElem/sculpture/elem3_stand.img,geno-extracted/QQTang5.2_Beta1Build1/data/object/mapElem/sculpture/elem3_stand.png
12004,12,sculpture,4,1,1,2,14,1,0x0,0,qqt/qqt_map_editor_fin-main/mapElem/sculpture/elem4_stand.img,geno-extracted/QQTang5.2_Beta1Build1/data/object/mapElem/sculpture/elem4_stand.png
12005,12,sculpture,5,1,1,0,0,-1,0x0,3855,qqt/qqt_map_editor_fin-main/mapElem/sculpture/elem5_stand.img,geno-extracted/QQTang5.2_Beta1Build1/data/object/mapElem/sculpture/elem5_stand.png
12006,12,sculpture,6,1,1,0,0,-1,0x0,3855,qqt/qqt_map_editor_fin-main/mapElem/sculpture/elem6_stand.img,geno-extracted/QQTang5.2_Beta1Build1/data/object/mapElem/sculpture/elem6_stand.png
12007,12,sculpture,7,1,1,0,0,-1,0x0,3855,qqt/qqt_map_editor_fin-main/mapElem/sculpture/elem7_stand.img,geno-extracted/QQTang5.2_Beta1Build1/data/object/mapElem/sculpture/elem7_stand.png
12008,12,sculpture,8,1,1,6,41,-1,0x0,7967,qqt/qqt_map_editor_fin-main/mapElem/sculpture/elem8_stand.img,geno-extracted/QQTang5.2_Beta1Build1/data/object/mapElem/sculpture/elem8_stand.png
12009,12,sculpture,9,1,1,6,41,-1,0x0,7967,qqt/qqt_map_editor_fin-main/mapElem/sculpture/elem9_stand.img,geno-extracted/QQTang5.2_Beta1Build1/data/object/mapElem/sculpture/elem9_stand.png
12010,12,sculpture,10,1,1,4,25,-1,0x0,0,qqt/qqt_map_editor_fin-main/mapElem/sculpture/elem10_stand.img,geno-extracted/QQTang5.2_Beta1Build1/data/object/mapElem/sculpture/elem10_stand.png
12011,12,sculpture,11,1,1,2,29,-1,0x0,5397,qqt/qqt_map_editor_fin-main/mapElem/sculpture/elem11_stand.img,geno-extracted/QQTang5.2_Beta1Build1/data/object/mapElem/sculpture/elem11_stand.png
12012,12,sculpture,12,1,1,2,29,-1,0x0,5397,qqt/qqt_map_editor_fin-main/mapElem/sculpture/elem12_stand.img,geno-extracted/QQTang5.2_Beta1Build1/data/object/mapElem/sculpture/elem12_stand.png
12020,12,sculpture,20,1,1,2,13,1,0x0,0,qqt/qqt_map_editor_fin-main/mapElem/sculpture/elem20_stand.img,geno-extracted/QQTang5.2_Beta1Build1/data/object/mapElem/sculpture/elem20_stand.png
12021,12,sculpture,21,1,1,2,13,1,0x0,0,qqt/qqt_map_editor_fin-main/mapElem/sculpture/elem21_stand.img,geno-extracted/QQTang5.2_Beta1Build1/data/object/mapElem/sculpture/elem21_stand.png
12022,12,sculpture,22,5,2,0,0,-1,0x0,3855,qqt/qqt_map_editor_fin-main/mapElem/sculpture/elem22_stand.img,geno-extracted/QQTang5.2_Beta1Build1/data/object/mapElem/sculpture/elem22_stand.png
13001,13,machine,1,1,1,0,0,-1,0x0,3855,qqt/qqt_map_editor_fin-main/mapElem/machine/elem1_stand.img,geno-extracted/QQTang5.2_Beta1Build1/data/object/mapElem/machine/elem1_stand.png
13002,13,machine,2,1,1,0,0,-1,0x0,3855,qqt/qqt_map_editor_fin-main/mapElem/machine/elem2_stand.img,geno-extracted/QQTang5.2_Beta1Build1/data/object/mapElem/machine/elem2_stand.png
13003,13,machine,3,1,1,0,0,-1,0x0,3855,qqt/qqt_map_editor_fin-main/mapElem/machine/elem3_stand.img,geno-extracted/QQTang5.2_Beta1Build1/data/object/mapElem/machine/elem3_stand.png
13004,13,machine,4,1,1,0,0,-1,0x0,3855,qqt/qqt_map_editor_fin-main/mapElem/machine/elem4_stand.img,geno-extracted/QQTang5.2_Beta1Build1/data/object/mapElem/machine/elem4_stand.png
13005,13,machine,5,1,1,0,0,-1,0x0,3855,qqt/qqt_map_editor_fin-main/mapElem/machine/elem5_stand.img,geno-extracted/QQTang5.2_Beta1Build1/data/object/mapElem/machine/elem5_stand.png
13006,13,machine,6,1,1,0,0,-1,0x0,3855,qqt/qqt_map_editor_fin-main/mapElem/machine/elem6_stand.img,geno-extracted/QQTang5.2_Beta1Build1/data/object/mapElem/machine/elem6_stand.png
13007,13,machine,7,1,1,3,13,1,0x0,0,qqt/qqt_map_editor_fin-main/mapElem/machine/elem7_stand.img,geno-extracted/QQTang5.2_Beta1Build1/data/object/mapElem/machine/elem7_stand.png
13008,13,machine,8,1,1,2,13,1,0x0,0,qqt/qqt_map_editor_fin-main/mapElem/machine/elem8_stand.img,geno-extracted/QQTang5.2_Beta1Build1/data/object/mapElem/machine/elem8_stand.png
13009,13,machine,9,1,1,3,13,1,0x0,0,qqt/qqt_map_editor_fin-main/mapElem/machine/elem9_stand.img,geno-extracted/QQTang5.2_Beta1Build1/data/object/mapElem/machine/elem9_stand.png
13010,13,machine,10,1,1,3,13,1,0x0,0,qqt/qqt_map_editor_fin-main/mapElem/machine/elem10_stand.img,geno-extracted/QQTang5.2_Beta1Build1/data/object/mapElem/machine/elem10_stand.png
13011,13,machine,11,1,1,2,14,-1,0x0,0,qqt/qqt_map_editor_fin-main/mapElem/machine/elem11_stand.img,geno-extracted/QQTang5.2_Beta1Build1/data/object/mapElem/machine/elem11_stand.png
13012,13,machine,12,2,1,4,19,-1,0x0,0,qqt/qqt_map_editor_fin-main/mapElem/machine/elem12_stand.img,geno-extracted/QQTang5.2_Beta1Build1/data/object/mapElem/machine/elem12_stand.png
13013,13,machine,13,1,1,2,15,-1,0x0,0,qqt/qqt_map_editor_fin-main/mapElem/machine/elem13_stand.img,geno-extracted/QQTang5.2_Beta1Build1/data/object/mapElem/machine/elem13_stand.png
13014,13,machine,14,1,1,2,34,-1,0x0,0,qqt/qqt_map_editor_fin-main/mapElem/machine/elem14_stand.img,geno-extracted/QQTang5.2_Beta1Build1/data/object/mapElem/machine/elem14_stand.png
13015,13,machine,15,1,1,0,0,-1,0x10,3855,qqt/qqt_map_editor_fin-main/mapElem/machine/elem15_stand.img,geno-extracted/QQTang5.2_Beta1Build1/data/object/mapElem/machine/elem15_stand.png
13016,13,machine,16,2,1,4,55,-1,0x0,6682,qqt/qqt_map_editor_fin-main/mapElem/machine/elem16_stand.img,geno-extracted/QQTang5.2_Beta1Build1/data/object/mapElem/machine/elem16_stand.png
13017,13,machine,17,2,1,6,53,-1,0x0,"4112,6682",qqt/qqt_map_editor_fin-main/mapElem/machine/elem17_stand.img,geno-extracted/QQTang5.2_Beta1Build1/data/object/mapElem/machine/elem17_stand.png
13020,13,machine,20,3,13,0,0,-1,0x0,0,qqt/qqt_map_editor_fin-main/mapElem/machine/elem20_stand.img,geno-extracted/QQTang5.2_Beta1Build1/data/object/mapElem/machine/elem20_stand.gif
13021,13,machine,21,1,13,41,0,-1,0x0,0,qqt/qqt_map_editor_fin-main/mapElem/machine/elem21_stand.img,geno-extracted/QQTang5.2_Beta1Build1/data/object/mapElem/machine/elem21_stand.gif
13022,13,machine,22,1,1,3,14,1,0x2,0,qqt/qqt_map_editor_fin-main/mapElem/machine/elem22_stand.img,geno-extracted/QQTang5.2_Beta1Build1/data/object/mapElem/machine/elem22_stand.png
13024,13,machine,24,1,1,2,43,-1,0x0,0,qqt/qqt_map_editor_fin-main/mapElem/machine/elem24_stand.img,geno-extracted/QQTang5.2_Beta1Build1/data/object/mapElem/machine/elem24_stand.png
13034,13,machine,34,1,1,0,35,-1,0x0,0,qqt/qqt_map_editor_fin-main/mapElem/machine/elem34_stand.img,geno-extracted/QQTang5.2_Beta1Build1/data/object/mapElem/machine/elem34_stand.png
13035,13,machine,35,2,1,0,47,-1,0x0,0,qqt/qqt_map_editor_fin-main/mapElem/machine/elem35_stand.img,geno-extracted/QQTang5.2_Beta1Build1/data/object/mapElem/machine/elem35_stand.png
13036,13,machine,36,2,1,0,80,-1,0x0,0,qqt/qqt_map_editor_fin-main/mapElem/machine/elem36_stand.img,geno-extracted/QQTang5.2_Beta1Build1/data/object/mapElem/machine/elem36_stand.png
13037,13,machine,37,2,1,0,6,-1,0x0,0,qqt/qqt_map_editor_fin-main/mapElem/machine/elem37_stand.img,geno-extracted/QQTang5.2_Beta1Build1/data/object/mapElem/machine/elem37_stand.png
13038,13,machine,38,2,1,0,6,-1,0x0,0,qqt/qqt_map_editor_fin-main/mapElem/machine/elem38_stand.img,geno-extracted/QQTang5.2_Beta1Build1/data/object/mapElem/machine/elem38_stand.png
13039,13,machine,39,2,1,-6,44,-1,0x0,0,qqt/qqt_map_editor_fin-main/mapElem/machine/elem39_stand.img,geno-extracted/QQTang5.2_Beta1Build1/data/object/mapElem/machine/elem39_stand.png
13040,13,machine,40,2,2,-2,6,-1,0x0,0,qqt/qqt_map_editor_fin-main/mapElem/machine/elem40_stand.img,geno-extracted/QQTang5.2_Beta1Build1/data/object/mapElem/machine/elem40_stand.png
13042,13,machine,42,5,2,0,38,-1,0x0,0,qqt/qqt_map_editor_fin-main/mapElem/machine/elem42_stand.img,geno-extracted/QQTang5.2_Beta1Build1/data/object/mapElem/machine/elem42_stand.png
13043,13,machine,43,3,1,-3,62,-1,0x0,0,qqt/qqt_map_editor_fin-main/mapElem/machine/elem43_stand.img,geno-extracted/QQTang5.2_Beta1Build1/data/object/mapElem/machine/elem43_stand.png
13044,13,machine,44,4,1,-10,58,-1,0x0,0,qqt/qqt_map_editor_fin-main/mapElem/machine/elem44_stand.img,geno-extracted/QQTang5.2_Beta1Build1/data/object/mapElem/machine/elem44_stand.png
13045,13,machine,45,2,1,-1,66,-1,0x0,0,qqt/qqt_map_editor_fin-main/mapElem/machine/elem45_stand.img,geno-extracted/QQTang5.2_Beta1Build1/data/object/mapElem/machine/elem45_stand.png
13046,13,machine,46,3,1,-8,69,-1,0x0,0,qqt/qqt_map_editor_fin-main/mapElem/machine/elem46_stand.img,geno-extracted/QQTang5.2_Beta1Build1/data/object/mapElem/machine/elem46_stand.png
13047,13,machine,47,1,1,0,0,-1,0x0,3855,qqt/qqt_map_editor_fin-main/mapElem/machine/elem47_stand.img,geno-extracted/QQTang5.2_Beta1Build1/data/object/mapElem/machine/elem47_stand.png
13048,13,machine,48,1,1,0,0,-1,0x0,3855,qqt/qqt_map_editor_fin-main/mapElem/machine/elem48_stand.img,geno-extracted/QQTang5.2_Beta1Build1/data/object/mapElem/machine/elem48_stand.png
13049,13,machine,49,1,1,0,0,-1,0x0,3855,qqt/qqt_map_editor_fin-main/mapElem/machine/elem49_stand.img,geno-extracted/QQTang5.2_Beta1Build1/data/object/mapElem/machine/elem49_stand.png
13050,13,machine,50,1,1,0,0,-1,0x0,3851,qqt/qqt_map_editor_fin-main/mapElem/machine/elem50_stand.img,geno-extracted/QQTang5.2_Beta1Build1/data/object/mapElem/machine/elem50_stand.png
13051,13,machine,51,1,1,0,0,-1,0x0,3855,qqt/qqt_map_editor_fin-main/mapElem/machine/elem51_stand.img,geno-extracted/QQTang5.2_Beta1Build1/data/object/mapElem/machine/elem51_stand.png
13052,13,machine,52,1,1,0,0,-1,0x0,3855,qqt/qqt_map_editor_fin-main/mapElem/machine/elem52_stand.img,geno-extracted/QQTang5.2_Beta1Build1/data/object/mapElem/machine/elem52_stand.png
13053,13,machine,53,1,1,0,0,-1,0x0,3855,qqt/qqt_map_editor_fin-main/mapElem/machine/elem53_stand.img,geno-extracted/QQTang5.2_Beta1Build1/data/object/mapElem/machine/elem53_stand.png
13054,13,machine,54,15,1,0,0,-1,0x0,0,qqt/qqt_map_editor_fin-main/mapElem/machine/elem54_stand.img,geno-extracted/QQTang5.2_Beta1Build1/data/object/mapElem/machine/elem54_stand.png
13055,13,machine,55,15,1,0,0,-1,0x0,0,qqt/qqt_map_editor_fin-main/mapElem/machine/elem55_stand.img,geno-extracted/QQTang5.2_Beta1Build1/data/object/mapElem/machine/elem55_stand.png
13056,13,machine,56,2,1,1,32,-1,0x0,0,qqt/qqt_map_editor_fin-main/mapElem/machine/elem56_stand.img,geno-extracted/QQTang5.2_Beta1Build1/data/object/mapElem/machine/elem56_stand.png
13057,13,machine,57,1,1,4,23,-1,0x0,0,qqt/qqt_map_editor_fin-main/mapElem/machine/elem57_stand.img,geno-extracted/QQTang5.2_Beta1Build1/data/object/mapElem/machine/elem57_stand.png
13058,13,machine,58,1,1,4,21,-1,0x0,0,qqt/qqt_map_editor_fin-main/mapElem/machine/elem58_stand.img,geno-extracted/QQTang5.2_Beta1Build1/data/object/mapElem/machine/elem58_stand.png
13059,13,machine,59,5,1,0,53,-1,0x0,0,qqt/qqt_map_editor_fin-main/mapElem/machine/elem59_stand.img,geno-extracted/QQTang5.2_Beta1Build1/data/object/mapElem/machine/elem59_stand.png
13060,13,machine,60,2,1,-1,35,-1,0x0,0,qqt/qqt_map_editor_fin-main/mapElem/machine/elem60_stand.img,geno-extracted/QQTang5.2_Beta1Build1/data/object/mapElem/machine/elem60_stand.png
13061,13,machine,61,2,1,-2,31,-1,0x0,0,qqt/qqt_map_editor_fin-main/mapElem/machine/elem61_stand.img,geno-extracted/QQTang5.2_Beta1Build1/data/object/mapElem/machine/elem61_stand.png
13062,13,machine,62,2,1,0,31,-1,0x0,0,qqt/qqt_map_editor_fin-main/mapElem/machine/elem62_stand.img,geno-extracted/QQTang5.2_Beta1Build1/data/object/mapElem/machine/elem62_stand.png
13063,13,machine,63,1,1,0,25,-1,0x0,0,qqt/qqt_map_editor_fin-main/mapElem/machine/elem63_stand.img,geno-extracted/QQTang5.2_Beta1Build1/data/object/mapElem/machine/elem63_stand.png
13064,13,machine,64,1,1,2,17,1,0x0,0,qqt/qqt_map_editor_fin-main/mapElem/machine/elem64_stand.img,geno-extracted/QQTang5.2_Beta1Build1/data/object/mapElem/machine/elem64_stand.png
13065,13,machine,65,1,1,2,17,1,0x0,0,qqt/qqt_map_editor_fin-main/mapElem/machine/elem65_stand.img,geno-extracted/QQTang5.2_Beta1Build1/data/object/mapElem/machine/elem65_stand.png
13066,13,machine,66,1,1,1,17,1,0x0,0,qqt/qqt_map_editor_fin-main/mapElem/machine/elem66_stand.img,geno-extracted/QQTang5.2_Beta1Build1/data/object/mapElem/machine/elem66_stand.png
13067,13,machine,67,1,1,1,17,1,0x0,0,qqt/qqt_map_editor_fin-main/mapElem/machine/elem67_stand.img,geno-extracted/QQTang5.2_Beta1Build1/data/object/mapElem/machine/elem67_stand.png
13068,13,machine,68,1,1,1,17,-1,0x0,0,qqt/qqt_map_editor_fin-main/mapElem/machine/elem68_stand.img,geno-extracted/QQTang5.2_Beta1Build1/data/object/mapElem/machine/elem68_stand.png
13069,13,machine,69,1,1,2,17,-1,0x0,0,qqt/qqt_map_editor_fin-main/mapElem/machine/elem69_stand.img,geno-extracted/QQTang5.2_Beta1Build1/data/object/mapElem/machine/elem69_stand.png
13070,13,machine,70,1,1,1,16,-1,0x0,0,qqt/qqt_map_editor_fin-main/mapElem/machine/elem70_stand.img,geno-extracted/QQTang5.2_Beta1Build1/data/object/mapElem/machine/elem70_stand.png
13071,13,machine,71,1,1,0,15,-1,0x0,0,qqt/qqt_map_editor_fin-main/mapElem/machine/elem71_stand.img,geno-extracted/QQTang5.2_Beta1Build1/data/object/mapElem/machine/elem71_stand.png
13072,13,machine,72,1,1,1,20,-1,0x0,0,qqt/qqt_map_editor_fin-main/mapElem/machine/elem72_stand.img,geno-extracted/QQTang5.2_Beta1Build1/data/object/mapElem/machine/elem72_stand.png
13073,13,machine,73,1,1,1,16,-1,0x0,0,qqt/qqt_map_editor_fin-main/mapElem/machine/elem73_stand.img,geno-extracted/QQTang5.2_Beta1Build1/data/object/mapElem/machine/elem73_stand.png
13074,13,machine,74,1,1,1,16,-1,0x0,0,qqt/qqt_map_editor_fin-main/mapElem/machine/elem74_stand.img,geno-extracted/QQTang5.2_Beta1Build1/data/object/mapElem/machine/elem74_stand.png
13075,13,machine,75,1,1,2,26,-1,0x0,0,qqt/qqt_map_editor_fin-main/mapElem/machine/elem75_stand.img,geno-extracted/QQTang5.2_Beta1Build1/data/object/mapElem/machine/elem75_stand.png
13076,13,machine,76,2,1,0,37,-1,0x0,0,qqt/qqt_map_editor_fin-main/mapElem/machine/elem76_stand.img,geno-extracted/QQTang5.2_Beta1Build1/data/object/mapElem/machine/elem76_stand.png
13077,13,machine,77,2,1,0,37,-1,0x0,0,qqt/qqt_map_editor_fin-main/mapElem/machine/elem77_stand.img,geno-extracted/QQTang5.2_Beta1Build1/data/object/mapElem/machine/elem77_stand.png
13078,13,machine,78,1,1,0,-2,-1,0x0,0,qqt/qqt_map_editor_fin-main/mapElem/machine/elem78_stand.img,geno-extracted/QQTang5.2_Beta1Build1/data/object/mapElem/machine/elem78_stand.png
13079,13,machine,79,10,1,0,0,-1,0x0,0,qqt/qqt_map_editor_fin-main/mapElem/machine/elem79_stand.img,geno-extracted/QQTang5.2_Beta1Build1/data/object/mapElem/machine/elem79_stand.png
14001,14,box,1,1,1,0,0,-1,0x0,3855,qqt/qqt_map_editor_fin-main/mapElem/box/elem1_stand.img,geno-extracted/QQTang5.2_Beta1Build1/data/object/mapElem/box/elem1_stand.png
14002,14,box,2,1,1,0,0,-1,0x0,3855,qqt/qqt_map_editor_fin-main/mapElem/box/elem2_stand.img,geno-extracted/QQTang5.2_Beta1Build1/data/object/mapElem/box/elem2_stand.png
14003,14,box,3,1,1,0,0,-1,0x0,3855,qqt/qqt_map_editor_fin-main/mapElem/box/elem3_stand.img,geno-extracted/QQTang5.2_Beta1Build1/data/object/mapElem/box/elem3_stand.png
14004,14,box,4,1,1,0,0,-1,0x0,3855,qqt/qqt_map_editor_fin-main/mapElem/box/elem4_stand.img,geno-extracted/QQTang5.2_Beta1Build1/data/object/mapElem/box/elem4_stand.png
14007,14,box,7,1,1,-1,23,-1,0x0,0,qqt/qqt_map_editor_fin-main/mapElem/box/elem7_stand.img,geno-extracted/QQTang5.2_Beta1Build1/data/object/mapElem/box/elem7_stand.png
14010,14,box,10,1,1,-5,9,-1,0x0,0,qqt/qqt_map_editor_fin-main/mapElem/box/elem10_stand.img,geno-extracted/QQTang5.2_Beta1Build1/data/object/mapElem/box/elem10_stand.gif
14012,14,box,12,1,1,1,42,-1,0x0,0,qqt/qqt_map_editor_fin-main/mapElem/box/elem12_stand.img,geno-extracted/QQTang5.2_Beta1Build1/data/object/mapElem/box/elem12_stand.png
14015,14,box,15,1,1,0,0,-1,0x0,3855,qqt/qqt_map_editor_fin-main/mapElem/box/elem15_stand.img,geno-extracted/QQTang5.2_Beta1Build1/data/object/mapElem/box/elem15_stand.png
14016,14,box,16,1,1,0,0,-1,0x0,3855,qqt/qqt_map_editor_fin-main/mapElem/box/elem16_stand.img,geno-extracted/QQTang5.2_Beta1Build1/data/object/mapElem/box/elem16_stand.png
14017,14,box,17,1,1,0,0,-1,0x0,3855,qqt/qqt_map_editor_fin-main/mapElem/box/elem17_stand.img,geno-extracted/QQTang5.2_Beta1Build1/data/object/mapElem/box/elem17_stand.png
14022,14,box,22,1,1,2,12,1,0x2,0,qqt/qqt_map_editor_fin-main/mapElem/box/elem22_stand.img,geno-extracted/QQTang5.2_Beta1Build1/data/object/mapElem/box/elem22_stand.png
14023,14,box,23,1,1,2,5,1,0x2,0,qqt/qqt_map_editor_fin-main/mapElem/box/elem23_stand.img,geno-extracted/QQTang5.2_Beta1Build1/data/object/mapElem/box/elem23_stand.png
14024,14,box,24,1,1,2,42,-1,0x0,0,qqt/qqt_map_editor_fin-main/mapElem/box/elem24_stand.img,geno-extracted/QQTang5.2_Beta1Build1/data/object/mapElem/box/elem24_stand.png
14025,14,box,25,1,1,3,27,-1,0x0,0,qqt/qqt_map_editor_fin-main/mapElem/box/elem25_stand.img,geno-extracted/QQTang5.2_Beta1Build1/data/object/mapElem/box/elem25_stand.png
14026,14,box,26,1,1,3,26,-1,0x0,0,qqt/qqt_map_editor_fin-main/mapElem/box/elem26_stand.img,geno-extracted/QQTang5.2_Beta1Build1/data/object/mapElem/box/elem26_stand.png
14027,14,box,27,1,1,3,12,1,0x2,0,qqt/qqt_map_editor_fin-main/mapElem/box/elem27_stand.img,geno-extracted/QQTang5.2_Beta1Build1/data/object/mapElem/box/elem27_stand.png
14028,14,box,28,1,1,0,10,1,0x2,0,qqt/qqt_map_editor_fin-main/mapElem/box/elem28_stand.img,geno-extracted/QQTang5.2_Beta1Build1/data/object/mapElem/box/elem28_stand.png
14029,14,box,29,1,1,2,12,1,0x2,0,qqt/qqt_map_editor_fin-main/mapElem/box/elem29_stand.img,geno-extracted/QQTang5.2_Beta1Build1/data/object/mapElem/box/elem29_stand.png
14030,14,box,30,1,1,2,16,1,0x2,0,qqt/qqt_map_editor_fin-main/mapElem/box/elem30_stand.img,geno-extracted/QQTang5.2_Beta1Build1/data/object/mapElem/box/elem30_stand.png
14031,14,box,31,1,1,0,20,1,0x6,0,qqt/qqt_map_editor_fin-main/mapElem/box/elem31_stand.img,geno-extracted/QQTang5.2_Beta1Build1/data/object/mapElem/box/elem31_stand.gif
14032,14,box,32,1,1,3,26,-1,0x0,0,qqt/qqt_map_editor_fin-main/mapElem/box/elem32_stand.img,geno-extracted/QQTang5.2_Beta1Build1/data/object/mapElem/box/elem32_stand.png
14033,14,box,33,1,1,2,16,1,0x2,0,qqt/qqt_map_editor_fin-main/mapElem/box/elem33_stand.img,geno-extracted/QQTang5.2_Beta1Build1/data/object/mapElem/box/elem33_stand.png
14034,14,box,34,1,1,0,0,-1,0x0,3855,qqt/qqt_map_editor_fin-main/mapElem/box/elem34_stand.img,geno-extracted/QQTang5.2_Beta1Build1/data/object/mapElem/box/elem34_stand.png
14035,14,box,35,1,1,0,0,-1,0x0,3855,qqt/qqt_map_editor_fin-main/mapElem/box/elem35_stand.img,geno-extracted/QQTang5.2_Beta1Build1/data/object/mapElem/box/elem35_stand.png
14036,14,box,36,1,1,2,12,1,0x2,0,qqt/qqt_map_editor_fin-main/mapElem/box/elem36_stand.img,geno-extracted/QQTang5.2_Beta1Build1/data/object/mapElem/box/elem36_stand.png
14037,14,box,37,1,1,0,0,-1,0x0,3855,qqt/qqt_map_editor_fin-main/mapElem/box/elem37_stand.img,geno-extracted/QQTang5.2_Beta1Build1/data/object/mapElem/box/elem37_stand.png
14038,14,box,38,1,1,3,12,1,0x2,0,qqt/qqt_map_editor_fin-main/mapElem/box/elem38_stand.img,geno-extracted/QQTang5.2_Beta1Build1/data/object/mapElem/box/elem38_stand.png
14039,14,box,39,1,1,1,13,1,0x2,0,qqt/qqt_map_editor_fin-main/mapElem/box/elem39_stand.img,geno-extracted/QQTang5.2_Beta1Build1/data/object/mapElem/box/elem39_stand.png
14040,14,box,40,1,1,2,12,1,0x2,0,qqt/qqt_map_editor_fin-main/mapElem/box/elem40_stand.img,geno-extracted/QQTang5.2_Beta1Build1/data/object/mapElem/box/elem40_stand.png
14041,14,box,41,1,1,2,18,1,0xa,0,qqt/qqt_map_editor_fin-main/mapElem/box/elem41_stand.img,geno-extracted/QQTang5.2_Beta1Build1/data/object/mapElem/box/elem41_stand.png
14042,14,box,42,1,1,1,11,1,0x2,0,qqt/qqt_map_editor_fin-main/mapElem/box/elem42_stand.img,geno-extracted/QQTang5.2_Beta1Build1/data/object/mapElem/box/elem42_stand.png
14043,14,box,43,1,1,2,13,1,0x2,0,qqt/qqt_map_editor_fin-main/mapElem/box/elem43_stand.img,geno-extracted/QQTang5.2_Beta1Build1/data/object/mapElem/box/elem43_stand.png
14044,14,box,44,1,1,2,13,1,0x2,0,qqt/qqt_map_editor_fin-main/mapElem/box/elem44_stand.img,geno-extracted/QQTang5.2_Beta1Build1/data/object/mapElem/box/elem44_stand.png
14045,14,box,45,1,1,2,13,1,0x2,0,qqt/qqt_map_editor_fin-main/mapElem/box/elem45_stand.img,geno-extracted/QQTang5.2_Beta1Build1/data/object/mapElem/box/elem45_stand.png
14046,14,box,46,1,1,2,13,1,0x2,0,qqt/qqt_map_editor_fin-main/mapElem/box/elem46_stand.img,geno-extracted/QQTang5.2_Beta1Build1/data/object/mapElem/box/elem46_stand.png
14047,14,box,47,1,1,2,13,1,0x2,0,qqt/qqt_map_editor_fin-main/mapElem/box/elem47_stand.img,geno-extracted/QQTang5.2_Beta1Build1/data/object/mapElem/box/elem47_stand.png
14048,14,box,48,1,1,2,12,1,0x2,0,qqt/qqt_map_editor_fin-main/mapElem/box/elem48_stand.img,geno-extracted/QQTang5.2_Beta1Build1/data/object/mapElem/box/elem48_stand.png
14049,14,box,49,1,1,2,13,1,0x0,0,qqt/qqt_map_editor_fin-main/mapElem/box/elem49_stand.img,geno-extracted/QQTang5.2_Beta1Build1/data/object/mapElem/box/elem49_stand.png
14100,14,box,100,1,1,2,12,1,0xa,0,qqt/qqt_map_editor_fin-main/mapElem/box/elem100_stand.img,geno-extracted/QQTang5.2_Beta1Build1/data/object/mapElem/box/elem100_stand.png
14101,14,box,101,1,1,0,0,-1,0x0,3855,qqt/qqt_map_editor_fin-main/mapElem/box/elem101_stand.img,geno-extracted/QQTang5.2_Beta1Build1/data/object/mapElem/box/elem101_stand.png
14102,14,box,102,1,1,0,0,-1,0x0,3855,qqt/qqt_map_editor_fin-main/mapElem/box/elem102_stand.img,geno-extracted/QQTang5.2_Beta1Build1/data/object/mapElem/box/elem102_stand.png
14103,14,box,103,1,1,1,14,-1,0x0,0,qqt/qqt_map_editor_fin-main/mapElem/box/elem103_stand.img,geno-extracted/QQTang5.2_Beta1Build1/data/object/mapElem/box/elem103_stand.png
14104,14,box,104,1,1,1,13,-1,0x0,0,qqt/qqt_map_editor_fin-main/mapElem/box/elem104_stand.img,geno-extracted/QQTang5.2_Beta1Build1/data/object/mapElem/box/elem104_stand.png
14105,14,box,105,1,1,2,5,1,0x6,0,qqt/qqt_map_editor_fin-main/mapElem/box/elem105_stand.img,geno-extracted/QQTang5.2_Beta1Build1/data/object/mapElem/box/elem105_stand.png
14106,14,box,106,1,1,3,22,-1,0x0,6682,qqt/qqt_map_editor_fin-main/mapElem/box/elem106_stand.img,geno-extracted/QQTang5.2_Beta1Build1/data/object/mapElem/box/elem106_stand.png
14107,14,box,107,3,3,4,38,-1,0x0,0,qqt/qqt_map_editor_fin-main/mapElem/box/elem107_stand.img,geno-extracted/QQTang5.2_Beta1Build1/data/object/mapElem/box/elem107_stand.gif
14108,14,box,108,1,1,5,15,-1,0x0,0,qqt/qqt_map_editor_fin-main/mapElem/box/elem108_stand.img,geno-extracted/QQTang5.2_Beta1Build1/data/object/mapElem/box/elem108_stand.png
14109,14,box,109,1,1,5,15,-1,0x0,0,qqt/qqt_map_editor_fin-main/mapElem/box/elem109_stand.img,geno-extracted/QQTang5.2_Beta1Build1/data/object/mapElem/box/elem109_stand.png
14110,14,box,110,1,1,1,15,1,0x2,0,qqt/qqt_map_editor_fin-main/mapElem/box/elem110_stand.img,geno-extracted/QQTang5.2_Beta1Build1/data/object/mapElem/box/elem110_stand.png
14111,14,box,111,1,1,2,16,1,0x2,0,qqt/qqt_map_editor_fin-main/mapElem/box/elem111_stand.img,geno-extracted/QQTang5.2_Beta1Build1/data/object/mapElem/box/elem111_stand.png
14112,14,box,112,1,1,3,15,1,0x2,0,qqt/qqt_map_editor_fin-main/mapElem/box/elem112_stand.img,geno-extracted/QQTang5.2_Beta1Build1/data/object/mapElem/box/elem112_stand.png
14113,14,box,113,1,1,2,15,1,0x2,0,qqt/qqt_map_editor_fin-main/mapElem/box/elem113_stand.img,geno-extracted/QQTang5.2_Beta1Build1/data/object/mapElem/box/elem113_stand.png
14114,14,box,114,1,1,2,15,1,0x2,0,qqt/qqt_map_editor_fin-main/mapElem/box/elem114_stand.img,geno-extracted/QQTang5.2_Beta1Build1/data/object/mapElem/box/elem114_stand.png
14115,14,box,115,1,1,2,13,1,0x12,0,qqt/qqt_map_editor_fin-main/mapElem/box/elem115_stand.img,geno-extracted/QQTang5.2_Beta1Build1/data/object/mapElem/box/elem115_stand.png
14116,14,box,116,1,1,0,0,-1,0x0,3840,qqt/qqt_map_editor_fin-main/mapElem/box/elem116_stand.img,geno-extracted/QQTang5.2_Beta1Build1/data/object/mapElem/box/elem116_stand.png
14117,14,box,117,1,1,16,13,-1,0x0,3840,qqt/qqt_map_editor_fin-main/mapElem/box/elem117_stand.img,geno-extracted/QQTang5.2_Beta1Build1/data/object/mapElem/box/elem117_stand.png
14118,14,box,118,1,1,10,0,-1,0x0,3840,qqt/qqt_map_editor_fin-main/mapElem/box/elem118_stand.img,geno-extracted/QQTang5.2_Beta1Build1/data/object/mapElem/box/elem118_stand.png
14119,14,box,119,1,1,0,19,-1,0x0,3840,qqt/qqt_map_editor_fin-main/mapElem/box/elem119_stand.img,geno-extracted/QQTang5.2_Beta1Build1/data/object/mapElem/box/elem119_stand.png
14120,14,box,120,1,1,2,12,1,0x2,0,qqt/qqt_map_editor_fin-main/mapElem/box/elem120_stand.img,geno-extracted/QQTang5.2_Beta1Build1/data/object/mapElem/box/elem120_stand.png
14121,14,box,121,1,1,3,13,1,0x2,0,qqt/qqt_map_editor_fin-main/mapElem/box/elem121_stand.img,geno-extracted/QQTang5.2_Beta1Build1/data/object/mapElem/box/elem121_stand.png
14122,14,box,122,1,1,2,10,1,0x2,0,qqt/qqt_map_editor_fin-main/mapElem/box/elem122_stand.img,geno-extracted/QQTang5.2_Beta1Build1/data/object/mapElem/box/elem122_stand.png
14123,14,box,123,1,1,1,16,-1,0x0,0,qqt/qqt_map_editor_fin-main/mapElem/box/elem123_stand.img,geno-extracted/QQTang5.2_Beta1Build1/data/object/mapElem/box/elem123_stand.png
14124,14,box,124,1,1,1,26,-1,0x0,0,qqt/qqt_map_editor_fin-main/mapElem/box/elem124_stand.img,geno-extracted/QQTang5.2_Beta1Build1/data/object/mapElem/box/elem124_stand.png
14125,14,box,125,1,1,2,25,-1,0x0,0,qqt/qqt_map_editor_fin-main/mapElem/box/elem125_stand.img,geno-extracted/QQTang5.2_Beta1Build1/data/object/mapElem/box/elem125_stand.png
14126,14,box,126,1,1,3,13,1,0x0,0,qqt/qqt_map_editor_fin-main/mapElem/box/elem126_stand.img,geno-extracted/QQTang5.2_Beta1Build1/data/object/mapElem/box/elem126_stand.png
14127,14,box,127,1,1,0,0,1,0x0,0,qqt/qqt_map_editor_fin-main/mapElem/box/elem127_stand.img,geno-extracted/QQTang5.2_Beta1Build1/data/object/mapElem/box/elem127_stand.png
15001,15,practice,1,1,1,0,0,-1,0x0,3855,qqt/qqt_map_editor_fin-main/mapElem/practice/elem1_stand.img,geno-extracted/QQTang5.2_Beta1Build1/data/object/mapElem/practice/elem1_stand.png
15002,15,practice,2,1,1,5,12,1,0x0,0,qqt/qqt_map_editor_fin-main/mapElem/practice/elem2_stand.img,geno-extracted/QQTang5.2_Beta1Build1/data/object/mapElem/practice/elem2_stand.png
15003,15,practice,3,1,1,1,21,1,0x0,0,qqt/qqt_map_editor_fin-main/mapElem/practice/elem3_stand.img,geno-extracted/QQTang5.2_Beta1Build1/data/object/mapElem/practice/elem3_stand.png
15004,15,practice,4,1,1,2,20,1,0x0,0,qqt/qqt_map_editor_fin-main/mapElem/practice/elem4_stand.img,geno-extracted/QQTang5.2_Beta1Build1/data/object/mapElem/practice/elem4_stand.png
15005,15,practice,5,1,1,1,22,-1,0x0,0,qqt/qqt_map_editor_fin-main/mapElem/practice/elem5_stand.img,geno-extracted/QQTang5.2_Beta1Build1/data/object/mapElem/practice/elem5_stand.png
15006,15,practice,6,1,1,-1,12,-1,0x0,0,qqt/qqt_map_editor_fin-main/mapElem/practice/elem6_stand.img,geno-extracted/QQTang5.2_Beta1Build1/data/object/mapElem/practice/elem6_stand.png
15007,15,practice,7,1,1,4,12,-1,0x0,0,qqt/qqt_map_editor_fin-main/mapElem/practice/elem7_stand.img,geno-extracted/QQTang5.2_Beta1Build1/data/object/mapElem/practice/elem7_stand.png
15008,15,practice,8,1,1,4,12,-1,0x0,0,qqt/qqt_map_editor_fin-main/mapElem/practice/elem8_stand.img,geno-extracted/QQTang5.2_Beta1Build1/data/object/mapElem/practice/elem8_stand.png
15009,15,practice,9,3,2,4,12,-1,0x0,0,qqt/qqt_map_editor_fin-main/mapElem/practice/elem9_stand.img,geno-extracted/QQTang5.2_Beta1Build1/data/object/mapElem/practice/elem9_stand.png
15010,15,practice,10,1,1,0,18,-1,0x0,5397,qqt/qqt_map_editor_fin-main/mapElem/practice/elem10_stand.img,geno-extracted/QQTang5.2_Beta1Build1/data/object/mapElem/practice/elem10_stand.png
15011,15,practice,11,4,2,0,1,-1,0x0,0,qqt/qqt_map_editor_fin-main/mapElem/practice/elem11_stand.img,geno-extracted/QQTang5.2_Beta1Build1/data/object/mapElem/practice/elem11_stand.png
15012,15,practice,12,1,1,0,22,-1,0x0,0,qqt/qqt_map_editor_fin-main/mapElem/practice/elem12_stand.img,geno-extracted/QQTang5.2_Beta1Build1/data/object/mapElem/practice/elem12_stand.png
15013,15,practice,13,1,1,0,7,-1,0x0,0,qqt/qqt_map_editor_fin-main/mapElem/practice/elem13_stand.img,geno-extracted/QQTang5.2_Beta1Build1/data/object/mapElem/practice/elem13_stand.png
15014,15,practice,14,1,1,0,15,1,0x0,0,qqt/qqt_map_editor_fin-main/mapElem/practice/elem14_stand.img,geno-extracted/QQTang5.2_Beta1Build1/data/object/mapElem/practice/elem14_stand.png
15015,15,practice,15,1,1,4,10,-1,0x0,0,qqt/qqt_map_editor_fin-main/mapElem/practice/elem15_stand.img,geno-extracted/QQTang5.2_Beta1Build1/data/object/mapElem/practice/elem15_stand.png
15016,15,practice,16,1,1,5,10,-1,0x0,0,qqt/qqt_map_editor_fin-main/mapElem/practice/elem16_stand.img,geno-extracted/QQTang5.2_Beta1Build1/data/object/mapElem/practice/elem16_stand.png
15017,15,practice,17,1,1,5,12,1,0x0,0,qqt/qqt_map_editor_fin-main/mapElem/practice/elem17_stand.img,geno-extracted/QQTang5.2_Beta1Build1/data/object/mapElem/practice/elem17_stand.png
15018,15,practice,18,1,1,4,12,-1,0x0,0,qqt/qqt_map_editor_fin-main/mapElem/practice/elem18_stand.img,geno-extracted/QQTang5.2_Beta1Build1/data/object/mapElem/practice/elem18_stand.png
15019,15,practice,19,1,1,0,0,-1,0x0,3855,qqt/qqt_map_editor_fin-main/mapElem/practice/elem19_stand.img,geno-extracted/QQTang5.2_Beta1Build1/data/object/mapElem/practice/elem19_stand.png
15020,15,practice,20,1,1,0,10,1,0x0,0,qqt/qqt_map_editor_fin-main/mapElem/practice/elem20_stand.img,geno-extracted/QQTang5.2_Beta1Build1/data/object/mapElem/practice/elem20_stand.png
15021,15,practice,21,1,1,1,10,-1,0x0,0,qqt/qqt_map_editor_fin-main/mapElem/practice/elem21_stand.img,geno-extracted/QQTang5.2_Beta1Build1/data/object/mapElem/practice/elem21_stand.png
15023,15,practice,23,1,1,0,0,-1,0x0,3855,qqt/qqt_map_editor_fin-main/mapElem/practice/elem23_stand.img,geno-extracted/QQTang5.2_Beta1Build1/data/object/mapElem/practice/elem23_stand.png
16001,16,exploration,1,2,2,2,2,-1,0x0,3840,qqt/qqt_map_editor_fin-main/mapElem/exploration/elem1_stand.img,geno-extracted/QQTang5.2_Beta1Build1/data/object/mapElem/exploration/elem1_stand.gif
16002,16,exploration,2,1,1,3,3,-1,0x0,3840,qqt/qqt_map_editor_fin-main/mapElem/exploration/elem2_stand.img,geno-extracted/QQTang5.2_Beta1Build1/data/object/mapElem/exploration/elem2_stand.gif
16003,16,exploration,3,3,1,2,3,-1,0x0,3840,qqt/qqt_map_editor_fin-main/mapElem/exploration/elem3_stand.img,geno-extracted/QQTang5.2_Beta1Build1/data/object/mapElem/exploration/elem3_stand.gif
16004,16,exploration,4,1,3,2,2,-1,0x0,3840,qqt/qqt_map_editor_fin-main/mapElem/exploration/elem4_stand.img,geno-extracted/QQTang5.2_Beta1Build1/data/object/mapElem/exploration/elem4_stand.gif
16005,16,exploration,5,1,1,1,0,1,0x0,0,qqt/qqt_map_editor_fin-main/mapElem/exploration/elem5_stand.img,geno-extracted/QQTang5.2_Beta1Build1/data/object/mapElem/exploration/elem5_stand.gif
16006,16,exploration,6,8,1,-7,9,-1,0x0,3840,qqt/qqt_map_editor_fin-main/mapElem/exploration/elem6_stand.img,geno-extracted/QQTang5.2_Beta1Build1/data/object/mapElem/exploration/elem6_stand.png
16007,16,exploration,7,4,1,5,-3,-1,0x0,3840,qqt/qqt_map_editor_fin-main/mapElem/exploration/elem7_stand.img,geno-extracted/QQTang5.2_Beta1Build1/data/object/mapElem/exploration/elem7_stand.png
16008,16,exploration,8,1,8,15,-11,-1,0x0,3840,qqt/qqt_map_editor_fin-main/mapElem/exploration/elem8_stand.img,geno-extracted/QQTang5.2_Beta1Build1/data/object/mapElem/exploration/elem8_stand.png
16009,16,exploration,9,1,4,0,2,-1,0x0,3840,qqt/qqt_map_editor_fin-main/mapElem/exploration/elem9_stand.img,geno-extracted/QQTang5.2_Beta1Build1/data/object/mapElem/exploration/elem9_stand.png
16010,16,exploration,10,1,1,0,0,-1,0x0,3855,qqt/qqt_map_editor_fin-main/mapElem/exploration/elem10_stand.img,geno-extracted/QQTang5.2_Beta1Build1/data/object/mapElem/exploration/elem10_stand.png
16011,16,exploration,11,1,1,7,10,-1,0x0,0,qqt/qqt_map_editor_fin-main/mapElem/exploration/elem11_stand.img,geno-extracted/QQTang5.2_Beta1Build1/data/object/mapElem/exploration/elem11_stand.png
16012,16,exploration,12,2,2,4,11,-1,0x0,0,qqt/qqt_map_editor_fin-main/mapElem/exploration/elem12_stand.img,geno-extracted/QQTang5.2_Beta1Build1/data/object/mapElem/exploration/elem12_stand.png
16013,16,exploration,13,4,1,9,12,-1,0x0,0,qqt/qqt_map_editor_fin-main/mapElem/exploration/elem13_stand.img,geno-extracted/QQTang5.2_Beta1Build1/data/object/mapElem/exploration/elem13_stand.png
16014,16,exploration,14,1,4,7,10,-1,0x0,0,qqt/qqt_map_editor_fin-main/mapElem/exploration/elem14_stand.img,geno-extracted/QQTang5.2_Beta1Build1/data/object/mapElem/exploration/elem14_stand.png
16015,16,exploration,15,3,3,6,6,-1,0x0,0,qqt/qqt_map_editor_fin-main/mapElem/exploration/elem15_stand.img,geno-extracted/QQTang5.2_Beta1Build1/data/object/mapElem/exploration/elem15_stand.png
16016,16,exploration,16,1,1,2,2,-1,0x0,3840,qqt/qqt_map_editor_fin-main/mapElem/exploration/elem16_stand.img,geno-extracted/QQTang5.2_Beta1Build1/data/object/mapElem/exploration/elem16_stand.png
16017,16,exploration,17,3,1,1,2,-1,0x0,3840,qqt/qqt_map_editor_fin-main/mapElem/exploration/elem17_stand.img,geno-extracted/QQTang5.2_Beta1Build1/data/object/mapElem/exploration/elem17_stand.png
16018,16,exploration,18,1,3,2,2,-1,0x0,3840,qqt/qqt_map_editor_fin-main/mapElem/exploration/elem18_stand.img,geno-extracted/QQTang5.2_Beta1Build1/data/object/mapElem/exploration/elem18_stand.png
16019,16,exploration,19,2,2,1,1,-1,0x0,3840,qqt/qqt_map_editor_fin-main/mapElem/exploration/elem19_stand.img,geno-extracted/QQTang5.2_Beta1Build1/data/object/mapElem/exploration/elem19_stand.png
16020,16,exploration,20,1,1,1,0,2,0x0,0,qqt/qqt_map_editor_fin-main/mapElem/exploration/elem20_stand.img,geno-extracted/QQTang5.2_Beta1Build1/data/object/mapElem/exploration/elem20_stand.png
16021,16,exploration,21,1,4,1,0,-1,0x0,0,qqt/qqt_map_editor_fin-main/mapElem/exploration/elem21_stand.img,geno-extracted/QQTang5.2_Beta1Build1/data/object/mapElem/exploration/elem21_stand.png
16022,16,exploration,22,4,1,1,10,-1,0x0,0,qqt/qqt_map_editor_fin-main/mapElem/exploration/elem22_stand.img,geno-extracted/QQTang5.2_Beta1Build1/data/object/mapElem/exploration/elem22_stand.png
16023,16,exploration,23,4,1,1,0,-1,0x0,0,qqt/qqt_map_editor_fin-main/mapElem/exploration/elem23_stand.img,geno-extracted/QQTang5.2_Beta1Build1/data/object/mapElem/exploration/elem23_stand.png
16024,16,exploration,24,1,4,11,0,-1,0x0,0,qqt/qqt_map_editor_fin-main/mapElem/exploration/elem24_stand.img,geno-extracted/QQTang5.2_Beta1Build1/data/object/mapElem/exploration/elem24_stand.png
16025,16,exploration,25,1,1,4,11,1,0x0,0,qqt/qqt_map_editor_fin-main/mapElem/exploration/elem25_stand.img,geno-extracted/QQTang5.2_Beta1Build1/data/object/mapElem/exploration/elem25_stand.png
16026,16,exploration,26,1,1,0,0,-1,0x0,0,qqt/qqt_map_editor_fin-main/mapElem/exploration/elem26_stand.img,geno-extracted/QQTang5.2_Beta1Build1/data/object/mapElem/exploration/elem26_stand.png
16027,16,exploration,27,1,1,0,0,-1,0x0,0,qqt/qqt_map_editor_fin-main/mapElem/exploration/elem27_stand.img,geno-extracted/QQTang5.2_Beta1Build1/data/object/mapElem/exploration/elem27_stand.png
16028,16,exploration,28,1,1,0,0,-1,0x0,0,qqt/qqt_map_editor_fin-main/mapElem/exploration/elem28_stand.img,geno-extracted/QQTang5.2_Beta1Build1/data/object/mapElem/exploration/elem28_stand.png
16029,16,exploration,29,1,1,0,0,-1,0x0,0,qqt/qqt_map_editor_fin-main/mapElem/exploration/elem29_stand.img,geno-extracted/QQTang5.2_Beta1Build1/data/object/mapElem/exploration/elem29_stand.png
16030,16,exploration,30,1,1,0,0,-1,0x0,0,qqt/qqt_map_editor_fin-main/mapElem/exploration/elem30_stand.img,geno-extracted/QQTang5.2_Beta1Build1/data/object/mapElem/exploration/elem30_stand.png
16031,16,exploration,31,1,1,0,0,-1,0x0,0,qqt/qqt_map_editor_fin-main/mapElem/exploration/elem31_stand.img,geno-extracted/QQTang5.2_Beta1Build1/data/object/mapElem/exploration/elem31_stand.png
16032,16,exploration,32,1,1,0,0,-1,0x0,0,qqt/qqt_map_editor_fin-main/mapElem/exploration/elem32_stand.img,geno-extracted/QQTang5.2_Beta1Build1/data/object/mapElem/exploration/elem32_stand.png
16033,16,exploration,33,1,1,0,0,-1,0x0,0,qqt/qqt_map_editor_fin-main/mapElem/exploration/elem33_stand.img,geno-extracted/QQTang5.2_Beta1Build1/data/object/mapElem/exploration/elem33_stand.png
16034,16,exploration,34,1,1,0,0,-1,0x0,0,qqt/qqt_map_editor_fin-main/mapElem/exploration/elem34_stand.img,geno-extracted/QQTang5.2_Beta1Build1/data/object/mapElem/exploration/elem34_stand.png
16035,16,exploration,35,1,1,0,0,-1,0x0,0,qqt/qqt_map_editor_fin-main/mapElem/exploration/elem35_stand.img,geno-extracted/QQTang5.2_Beta1Build1/data/object/mapElem/exploration/elem35_stand.png
16036,16,exploration,36,1,1,0,0,-1,0x0,0,qqt/qqt_map_editor_fin-main/mapElem/exploration/elem36_stand.img,geno-extracted/QQTang5.2_Beta1Build1/data/object/mapElem/exploration/elem36_stand.png
16037,16,exploration,37,1,1,0,0,-1,0x0,0,qqt/qqt_map_editor_fin-main/mapElem/exploration/elem37_stand.img,geno-extracted/QQTang5.2_Beta1Build1/data/object/mapElem/exploration/elem37_stand.png
16038,16,exploration,38,1,1,0,0,-1,0x0,0,qqt/qqt_map_editor_fin-main/mapElem/exploration/elem38_stand.img,geno-extracted/QQTang5.2_Beta1Build1/data/object/mapElem/exploration/elem38_stand.png
16101,16,exploration,101,1,1,0,0,-1,0x0,3855,qqt/qqt_map_editor_fin-main/mapElem/exploration/elem101_stand.img,geno-extracted/QQTang5.2_Beta1Build1/data/object/mapElem/exploration/elem101_stand.png
16102,16,exploration,102,1,1,3,14,1,0x0,0,qqt/qqt_map_editor_fin-main/mapElem/exploration/elem102_stand.img,geno-extracted/QQTang5.2_Beta1Build1/data/object/mapElem/exploration/elem102_stand.png
16103,16,exploration,103,1,1,0,8,1,0x0,0,qqt/qqt_map_editor_fin-main/mapElem/exploration/elem103_stand.img,geno-extracted/QQTang5.2_Beta1Build1/data/object/mapElem/exploration/elem103_stand.png
16104,16,exploration,104,1,1,3,9,1,0x0,7967,qqt/qqt_map_editor_fin-main/mapElem/exploration/elem104_stand.img,geno-extracted/QQTang5.2_Beta1Build1/data/object/mapElem/exploration/elem104_stand.png
16105,16,exploration,105,1,1,1,5,-1,0x0,0,qqt/qqt_map_editor_fin-main/mapElem/exploration/elem105_stand.img,geno-extracted/QQTang5.2_Beta1Build1/data/object/mapElem/exploration/elem105_stand.png
16106,16,exploration,106,1,1,2,10,1,0x0,0,qqt/qqt_map_editor_fin-main/mapElem/exploration/elem106_stand.img,geno-extracted/QQTang5.2_Beta1Build1/data/object/mapElem/exploration/elem106_stand.png
16107,16,exploration,107,1,1,2,12,-1,0x0,0,qqt/qqt_map_editor_fin-main/mapElem/exploration/elem107_stand.img,geno-extracted/QQTang5.2_Beta1Build1/data/object/mapElem/exploration/elem107_stand.png
16108,16,exploration,108,1,1,4,14,1,0x0,0,qqt/qqt_map_editor_fin-main/mapElem/exploration/elem108_stand.img,geno-extracted/QQTang5.2_Beta1Build1/data/object/mapElem/exploration/elem108_stand.png
16109,16,exploration,109,1,1,4,11,1,0x0,0,qqt/qqt_map_editor_fin-main/mapElem/exploration/elem109_stand.img,geno-extracted/QQTang5.2_Beta1Build1/data/object/mapElem/exploration/elem109_stand.png
16110,16,exploration,110,1,1,5,22,-1,0x0,0,qqt/qqt_map_editor_fin-main/mapElem/exploration/elem110_stand.img,geno-extracted/QQTang5.2_Beta1Build1/data/object/mapElem/exploration/elem110_stand.png
16111,16,exploration,111,3,1,0,53,-1,0x0,"0,1285",qqt/qqt_map_editor_fin-main/mapElem/exploration/elem111_stand.img,geno-extracted/QQTang5.2_Beta1Build1/data/object/mapElem/exploration/elem111_stand.png
16112,16,exploration,112,1,1,3,9,1,0x0,7967,qqt/qqt_map_editor_fin-main/mapElem/exploration/elem112_stand.img,geno-extracted/QQTang5.2_Beta1Build1/data/object/mapElem/exploration/elem112_stand.png
16113,16,exploration,113,1,1,1,5,-1,0x0,0,qqt/qqt_map_editor_fin-main/mapElem/exploration/elem113_stand.img,geno-extracted/QQTang5.2_Beta1Build1/data/object/mapElem/exploration/elem113_stand.png
16114,16,exploration,114,1,1,4,26,-1,0x0,5397,qqt/qqt_map_editor_fin-main/mapElem/exploration/elem114_stand.img,geno-extracted/QQTang5.2_Beta1Build1/data/object/mapElem/exploration/elem114_stand.png
16115,16,exploration,115,1,1,0,0,-1,0x0,3855,qqt/qqt_map_editor_fin-main/mapElem/exploration/elem115_stand.img,geno-extracted/QQTang5.2_Beta1Build1/data/object/mapElem/exploration/elem115_stand.png
16116,16,exploration,116,1,1,4,12,1,0x0,0,qqt/qqt_map_editor_fin-main/mapElem/exploration/elem116_stand.img,geno-extracted/QQTang5.2_Beta1Build1/data/object/mapElem/exploration/elem116_stand.png
16117,16,exploration,117,1,1,0,0,-1,0x0,3855,qqt/qqt_map_editor_fin-main/mapElem/exploration/elem117_stand.img,geno-extracted/QQTang5.2_Beta1Build1/data/object/mapElem/exploration/elem117_stand.png
16118,16,exploration,118,1,1,0,0,-1,0x0,3855,qqt/qqt_map_editor_fin-main/mapElem/exploration/elem118_stand.img,geno-extracted/QQTang5.2_Beta1Build1/data/object/mapElem/exploration/elem118_stand.png
16119,16,exploration,119,1,1,0,0,-1,0x0,3855,qqt/qqt_map_editor_fin-main/mapElem/exploration/elem119_stand.img,geno-extracted/QQTang5.2_Beta1Build1/data/object/mapElem/exploration/elem119_stand.png
16120,16,exploration,120,1,1,0,0,-1,0x0,3855,qqt/qqt_map_editor_fin-main/mapElem/exploration/elem120_stand.img,geno-extracted/QQTang5.2_Beta1Build1/data/object/mapElem/exploration/elem120_stand.png
16121,16,exploration,121,1,1,0,0,-1,0x0,3855,qqt/qqt_map_editor_fin-main/mapElem/exploration/elem121_stand.img,geno-extracted/QQTang5.2_Beta1Build1/data/object/mapElem/exploration/elem121_stand.png
16122,16,exploration,122,1,1,0,0,-1,0x0,3855,qqt/qqt_map_editor_fin-main/mapElem/exploration/elem122_stand.img,geno-extracted/QQTang5.2_Beta1Build1/data/object/mapElem/exploration/elem122_stand.png
16201,16,exploration,201,3,2,4,16,-1,0x0,0,qqt/qqt_map_editor_fin-main/mapElem/exploration/elem201_stand.img,geno-extracted/QQTang5.2_Beta1Build1/data/object/mapElem/exploration/elem201_stand.png
16202,16,exploration,202,1,1,4,39,-1,0x0,0,qqt/qqt_map_editor_fin-main/mapElem/exploration/elem202_stand.img,geno-extracted/QQTang5.2_Beta1Build1/data/object/mapElem/exploration/elem202_stand.png
16203,16,exploration,203,3,3,0,0,-1,0x0,0,qqt/qqt_map_editor_fin-main/mapElem/exploration/elem203_stand.img,geno-extracted/QQTang5.2_Beta1Build1/data/object/mapElem/exploration/elem203_stand.png
16204,16,exploration,204,2,2,10,4,-1,0x0,0,qqt/qqt_map_editor_fin-main/mapElem/exploration/elem204_stand.img,geno-extracted/QQTang5.2_Beta1Build1/data/object/mapElem/exploration/elem204_stand.png
16205,16,exploration,205,1,1,6,19,-1,0x0,0,qqt/qqt_map_editor_fin-main/mapElem/exploration/elem205_stand.img,geno-extracted/QQTang5.2_Beta1Build1/data/object/mapElem/exploration/elem205_stand.png
16206,16,exploration,206,2,2,9,1,-1,0x0,0,qqt/qqt_map_editor_fin-main/mapElem/exploration/elem206_stand.img,geno-extracted/QQTang5.2_Beta1Build1/data/object/mapElem/exploration/elem206_stand.png
16207,16,exploration,207,2,2,9,0,-1,0x0,0,qqt/qqt_map_editor_fin-main/mapElem/exploration/elem207_stand.img,geno-extracted/QQTang5.2_Beta1Build1/data/object/mapElem/exploration/elem207_stand.png
16208,16,exploration,208,1,1,10,15,-1,0x0,0,qqt/qqt_map_editor_fin-main/mapElem/exploration/elem208_stand.img,geno-extracted/QQTang5.2_Beta1Build1/data/object/mapElem/exploration/elem208_stand.png
16209,16,exploration,209,1,1,11,10,-1,0x0,0,qqt/qqt_map_editor_fin-main/mapElem/exploration/elem209_stand.img,geno-extracted/QQTang5.2_Beta1Build1/data/object/mapElem/exploration/elem209_stand.png
16210,16,exploration,210,1,1,7,11,-1,0x0,0,qqt/qqt_map_editor_fin-main/mapElem/exploration/elem210_stand.img,geno-extracted/QQTang5.2_Beta1Build1/data/object/mapElem/exploration/elem210_stand.png
16211,16,exploration,211,5,2,6,18,-1,0x0,0,qqt/qqt_map_editor_fin-main/mapElem/exploration/elem211_stand.img,geno-extracted/QQTang5.2_Beta1Build1/data/object/mapElem/exploration/elem211_stand.png
16212,16,exploration,212,1,1,0,31,-1,0x0,0,qqt/qqt_map_editor_fin-main/mapElem/exploration/elem212_stand.img,geno-extracted/QQTang5.2_Beta1Build1/data/object/mapElem/exploration/elem212_stand.png
16213,16,exploration,213,1,1,6,21,-1,0x0,0,qqt/qqt_map_editor_fin-main/mapElem/exploration/elem213_stand.img,geno-extracted/QQTang5.2_Beta1Build1/data/object/mapElem/exploration/elem213_stand.png
16214,16,exploration,214,3,2,-4,0,-1,0x0,0,qqt/qqt_map_editor_fin-main/mapElem/exploration/elem214_stand.img,geno-extracted/QQTang5.2_Beta1Build1/data/object/mapElem/exploration/elem214_stand.png
16215,16,exploration,215,15,3,0,0,-1,0x0,0,qqt/qqt_map_editor_fin-main/mapElem/exploration/elem215_stand.img,geno-extracted/QQTang5.2_Beta1Build1/data/object/mapElem/exploration/elem215_stand.png
16216,16,exploration,216,1,1,0,16,1,0x0,0,qqt/qqt_map_editor_fin-main/mapElem/exploration/elem216_stand.img,geno-extracted/QQTang5.2_Beta1Build1/data/object/mapElem/exploration/elem216_stand.png
16217,16,exploration,217,1,1,0,0,-1,0x0,3855,qqt/qqt_map_editor_fin-main/mapElem/exploration/elem217_stand.img,geno-extracted/QQTang5.2_Beta1Build1/data/object/mapElem/exploration/elem217_stand.png
16218,16,exploration,218,1,1,0,0,-1,0x0,3855,qqt/qqt_map_editor_fin-main/mapElem/exploration/elem218_stand.img,geno-extracted/QQTang5.2_Beta1Build1/data/object/mapElem/exploration/elem218_stand.png
16219,16,exploration,219,1,1,0,0,-1,0x0,3855,qqt/qqt_map_editor_fin-main/mapElem/exploration/elem219_stand.img,geno-extracted/QQTang5.2_Beta1Build1/data/object/mapElem/exploration/elem219_stand.png
16220,16,exploration,220,1,1,0,0,-1,0x0,3855,qqt/qqt_map_editor_fin-main/mapElem/exploration/elem220_stand.img,geno-extracted/QQTang5.2_Beta1Build1/data/object/mapElem/exploration/elem220_stand.png
16221,16,exploration,221,1,1,0,0,-1,0x0,3855,qqt/qqt_map_editor_fin-main/mapElem/exploration/elem221_stand.img,geno-extracted/QQTang5.2_Beta1Build1/data/object/mapElem/exploration/elem221_stand.png
16222,16,exploration,222,1,1,0,17,1,0x0,0,qqt/qqt_map_editor_fin-main/mapElem/exploration/elem222_stand.img,geno-extracted/QQTang5.2_Beta1Build1/data/object/mapElem/exploration/elem222_stand.png
16223,16,exploration,223,1,1,2,9,1,0x0,0,qqt/qqt_map_editor_fin-main/mapElem/exploration/elem223_stand.img,geno-extracted/QQTang5.2_Beta1Build1/data/object/mapElem/exploration/elem223_stand.png
16224,16,exploration,224,1,1,2,9,1,0x0,0,qqt/qqt_map_editor_fin-main/mapElem/exploration/elem224_stand.img,geno-extracted/QQTang5.2_Beta1Build1/data/object/mapElem/exploration/elem224_stand.png
16225,16,exploration,225,1,1,1,8,1,0x0,0,qqt/qqt_map_editor_fin-main/mapElem/exploration/elem225_stand.img,geno-extracted/QQTang5.2_Beta1Build1/data/object/mapElem/exploration/elem225_stand.png
16226,16,exploration,226,1,1,1,8,1,0x0,0,qqt/qqt_map_editor_fin-main/mapElem/exploration/elem226_stand.img,geno-extracted/QQTang5.2_Beta1Build1/data/object/mapElem/exploration/elem226_stand.png
16227,16,exploration,227,1,1,2,9,1,0x0,0,qqt/qqt_map_editor_fin-main/mapElem/exploration/elem227_stand.img,geno-extracted/QQTang5.2_Beta1Build1/data/object/mapElem/exploration/elem227_stand.png
17001,17,common,1,1,1,0,0,-1,0x0,3855,qqt/qqt_map_editor_fin-main/mapElem/common/elem1_stand.img,geno-extracted/QQTang5.2_Beta1Build1/data/object/mapElem/common/elem1_stand.png
17018,17,common,18,1,1,0,15,1,0x0,0,qqt/qqt_map_editor_fin-main/mapElem/common/elem18_stand.img,geno-extracted/QQTang5.2_Beta1Build1/data/object/mapElem/common/elem18_stand.gif
17019,17,common,19,1,1,-1,15,1,0x0,0,qqt/qqt_map_editor_fin-main/mapElem/common/elem19_stand.img,geno-extracted/QQTang5.2_Beta1Build1/data/object/mapElem/common/elem19_stand.gif
17021,17,common,21,1,1,0,16,3,0x0,0,qqt/qqt_map_editor_fin-main/mapElem/common/elem21_stand.img,geno-extracted/QQTang5.2_Beta1Build1/data/object/mapElem/common/elem21_stand.png
17022,17,common,22,1,1,0,15,2,0x0,0,qqt/qqt_map_editor_fin-main/mapElem/common/elem22_stand.img,geno-extracted/QQTang5.2_Beta1Build1/data/object/mapElem/common/elem22_stand.png
17023,17,common,23,1,1,0,12,1,0x0,0,qqt/qqt_map_editor_fin-main/mapElem/common/elem23_stand.img,geno-extracted/QQTang5.2_Beta1Build1/data/object/mapElem/common/elem23_stand.png
17024,17,common,24,1,1,0,19,-1,0x0,0,qqt/qqt_map_editor_fin-main/mapElem/common/elem24_stand.img,geno-extracted/QQTang5.2_Beta1Build1/data/object/mapElem/common/elem24_stand.gif
17025,17,common,25,1,1,0,0,-1,0x0,3840,qqt/qqt_map_editor_fin-main/mapElem/common/elem25_stand.img,geno-extracted/QQTang5.2_Beta1Build1/data/object/mapElem/common/elem25_stand.gif
17026,17,common,26,1,1,6,7,-1,0x0,3855,qqt/qqt_map_editor_fin-main/mapElem/common/elem26_stand.img,geno-extracted/QQTang5.2_Beta1Build1/data/object/mapElem/common/elem26_stand.gif
17027,17,common,27,1,1,1,24,-1,0x0,0,qqt/qqt_map_editor_fin-main/mapElem/common/elem27_stand.img,geno-extracted/QQTang5.2_Beta1Build1/data/object/mapElem/common/elem27_stand.gif
17028,17,common,28,1,1,1,15,-1,0x0,0,qqt/qqt_map_editor_fin-main/mapElem/common/elem28_stand.img,geno-extracted/QQTang5.2_Beta1Build1/data/object/mapElem/common/elem28_stand.gif
17029,17,common,29,1,1,5,7,-1,0x0,3855,qqt/qqt_map_editor_fin-main/mapElem/common/elem29_stand.img,geno-extracted/QQTang5.2_Beta1Build1/data/object/mapElem/common/elem29_stand.gif
17030,17,common,30,1,1,0,0,-1,0x0,3855,qqt/qqt_map_editor_fin-main/mapElem/common/elem30_stand.img,geno-extracted/QQTang5.2_Beta1Build1/data/object/mapElem/common/elem30_stand.gif
17033,17,common,33,1,1,0,0,-1,0x0,3855,qqt/qqt_map_editor_fin-main/mapElem/common/elem33_stand.img,geno-extracted/QQTang5.2_Beta1Build1/data/object/mapElem/common/elem33_stand.gif
17037,17,common,37,1,1,0,0,-1,0x0,3855,qqt/qqt_map_editor_fin-main/mapElem/common/elem37_stand.img,geno-extracted/QQTang5.2_Beta1Build1/data/object/mapElem/common/elem37_stand.gif
17038,17,common,38,1,1,0,0,-1,0x0,3855,qqt/qqt_map_editor_fin-main/mapElem/common/elem38_stand.img,geno-extracted/QQTang5.2_Beta1Build1/data/object/mapElem/common/elem38_stand.gif
17039,17,common,39,3,2,-3,16,-1,0x0,0,qqt/qqt_map_editor_fin-main/mapElem/common/elem39_stand.img,geno-extracted/QQTang5.2_Beta1Build1/data/object/mapElem/common/elem39_stand.gif
17040,17,common,40,1,1,0,0,-1,0x2,3855,qqt/qqt_map_editor_fin-main/mapElem/common/elem40_stand.img,geno-extracted/QQTang5.2_Beta1Build1/data/object/mapElem/common/elem40_stand.png
17045,17,common,45,1,1,0,0,-1,0x0,3855,qqt/qqt_map_editor_fin-main/mapElem/common/elem45_stand.img,geno-extracted/QQTang5.2_Beta1Build1/data/object/mapElem/common/elem45_stand.png
17046,17,common,46,1,1,0,10,-1,0x0,0,qqt/qqt_map_editor_fin-main/mapElem/common/elem46_stand.img,geno-extracted/QQTang5.2_Beta1Build1/data/object/mapElem/common/elem46_stand.gif
17047,17,common,47,1,1,0,17,-1,0x0,0,qqt/qqt_map_editor_fin-main/mapElem/common/elem47_stand.img,geno-extracted/QQTang5.2_Beta1Build1/data/object/mapElem/common/elem47_stand.png
17048,17,common,48,1,1,0,17,1,0x0,0,qqt/qqt_map_editor_fin-main/mapElem/common/elem48_stand.img,geno-extracted/QQTang5.2_Beta1Build1/data/object/mapElem/common/elem48_stand.gif
17050,17,common,50,2,1,-2,58,-1,0x0,0,qqt/qqt_map_editor_fin-main/mapElem/common/elem50_stand.img,geno-extracted/QQTang5.2_Beta1Build1/data/object/mapElem/common/elem50_stand.png
17051,17,common,51,1,1,2,5,-1,0x0,0,qqt/qqt_map_editor_fin-main/mapElem/common/elem51_stand.img,geno-extracted/QQTang5.2_Beta1Build1/data/object/mapElem/common/elem51_stand.png
17052,17,common,52,1,1,2,28,-1,0x0,0,qqt/qqt_map_editor_fin-main/mapElem/common/elem52_stand.img,geno-extracted/QQTang5.2_Beta1Build1/data/object/mapElem/common/elem52_stand.gif
17053,17,common,53,1,1,0,16,-1,0x0,0,qqt/qqt_map_editor_fin-main/mapElem/common/elem53_stand.img,geno-extracted/QQTang5.2_Beta1Build1/data/object/mapElem/common/elem53_stand.png
17054,17,common,54,1,1,4,31,-1,0x0,0,qqt/qqt_map_editor_fin-main/mapElem/common/elem54_stand.img,geno-extracted/QQTang5.2_Beta1Build1/data/object/mapElem/common/elem54_stand.gif
17055,17,common,55,1,1,5,10,-1,0x0,0,qqt/qqt_map_editor_fin-main/mapElem/common/elem55_stand.img,geno-extracted/QQTang5.2_Beta1Build1/data/object/mapElem/common/elem55_stand.png
17056,17,common,56,1,1,-5,0,-1,0x0,0,qqt/qqt_map_editor_fin-main/mapElem/common/elem56_stand.img,geno-extracted/QQTang5.2_Beta1Build1/data/object/mapElem/common/elem56_stand.png
17057,17,common,57,1,1,0,15,-1,0x0,0,qqt/qqt_map_editor_fin-main/mapElem/common/elem57_stand.img,geno-extracted/QQTang5.2_Beta1Build1/data/object/mapElem/common/elem57_stand.png
17058,17,common,58,3,2,0,25,-1,0x0,0,qqt/qqt_map_editor_fin-main/mapElem/common/elem58_stand.img,geno-extracted/QQTang5.2_Beta1Build1/data/object/mapElem/common/elem58_stand.png
17059,17,common,59,3,2,1,84,-1,0x0,0,qqt/qqt_map_editor_fin-main/mapElem/common/elem59_stand.img,geno-extracted/QQTang5.2_Beta1Build1/data/object/mapElem/common/elem59_stand.png
17060,17,common,60,1,1,2,11,1,0x0,0,qqt/qqt_map_editor_fin-main/mapElem/common/elem60_stand.img,geno-extracted/QQTang5.2_Beta1Build1/data/object/mapElem/common/elem60_stand.png
17061,17,common,61,2,1,-1,69,-1,0x0,0,qqt/qqt_map_editor_fin-main/mapElem/common/elem61_stand.img,geno-extracted/QQTang5.2_Beta1Build1/data/object/mapElem/common/elem61_stand.png
17062,17,common,62,1,1,2,34,-1,0x0,0,qqt/qqt_map_editor_fin-main/mapElem/common/elem62_stand.img,geno-extracted/QQTang5.2_Beta1Build1/data/object/mapElem/common/elem62_stand.png
17063,17,common,63,3,3,2,15,-1,0x0,0,qqt/qqt_map_editor_fin-main/mapElem/common/elem63_stand.img,geno-extracted/QQTang5.2_Beta1Build1/data/object/mapElem/common/elem63_stand.png
17064,17,common,64,1,1,0,20,-1,0x0,0,qqt/qqt_map_editor_fin-main/mapElem/common/elem64_stand.img,geno-extracted/QQTang5.2_Beta1Build1/data/object/mapElem/common/elem64_stand.png
17065,17,common,65,2,1,4,39,-1,0x0,0,qqt/qqt_map_editor_fin-main/mapElem/common/elem65_stand.img,geno-extracted/QQTang5.2_Beta1Build1/data/object/mapElem/common/elem65_stand.png
17066,17,common,66,2,2,-4,-2,-1,0x0,0,qqt/qqt_map_editor_fin-main/mapElem/common/elem66_stand.img,geno-extracted/QQTang5.2_Beta1Build1/data/object/mapElem/common/elem66_stand.png
17067,17,common,67,1,1,-16,0,-1,0x0,0,qqt/qqt_map_editor_fin-main/mapElem/common/elem67_stand.img,geno-extracted/QQTang5.2_Beta1Build1/data/object/mapElem/common/elem67_stand.png
17068,17,common,68,1,1,12,-4,-1,0x0,3845,qqt/qqt_map_editor_fin-main/mapElem/common/elem68_stand.img,geno-extracted/QQTang5.2_Beta1Build1/data/object/mapElem/common/elem68_stand.png
17069,17,common,69,1,1,1,36,-1,0x0,0,qqt/qqt_map_editor_fin-main/mapElem/common/elem69_stand.img,geno-extracted/QQTang5.2_Beta1Build1/data/object/mapElem/common/elem69_stand.png
17070,17,common,70,1,1,6,36,-1,0x0,0,qqt/qqt_map_editor_fin-main/mapElem/common/elem70_stand.img,geno-extracted/QQTang5.2_Beta1Build1/data/object/mapElem/common/elem70_stand.png
17071,17,common,71,3,1,0,6,-1,0x0,3855,qqt/qqt_map_editor_fin-main/mapElem/common/elem71_stand.img,geno-extracted/QQTang5.2_Beta1Build1/data/object/mapElem/common/elem71_stand.png
17072,17,common,72,1,3,6,0,-1,0x0,"3845,3855",qqt/qqt_map_editor_fin-main/mapElem/common/elem72_stand.img,geno-extracted/QQTang5.2_Beta1Build1/data/object/mapElem/common/elem72_stand.png
17073,17,common,73,1,1,0,20,-1,0x0,0,qqt/qqt_map_editor_fin-main/mapElem/common/elem73_stand.img,geno-extracted/QQTang5.2_Beta1Build1/data/object/mapElem/common/elem73_stand.png
17074,17,common,74,1,1,0,-6,-1,0x0,0,qqt/qqt_map_editor_fin-main/mapElem/common/elem74_stand.img,geno-extracted/QQTang5.2_Beta1Build1/data/object/mapElem/common/elem74_stand.png
17075,17,common,75,1,1,0,0,-1,0x0,0,qqt/qqt_map_editor_fin-main/mapElem/common/elem75_stand.img,geno-extracted/QQTang5.2_Beta1Build1/data/object/mapElem/common/elem75_stand.png
17076,17,common,76,2,1,1,14,-1,0x0,0,qqt/qqt_map_editor_fin-main/mapElem/common/elem76_stand.img,geno-extracted/QQTang5.2_Beta1Build1/data/object/mapElem/common/elem76_stand.png
17077,17,common,77,1,1,-2,19,-1,0x0,0,qqt/qqt_map_editor_fin-main/mapElem/common/elem77_stand.img,geno-extracted/QQTang5.2_Beta1Build1/data/object/mapElem/common/elem77_stand.gif
17078,17,common,78,1,1,0,1,-1,0x0,0,qqt/qqt_map_editor_fin-main/mapElem/common/elem78_stand.img,geno-extracted/QQTang5.2_Beta1Build1/data/object/mapElem/common/elem78_stand.png
17079,17,common,79,1,1,-31,0,-1,0x0,0,qqt/qqt_map_editor_fin-main/mapElem/common/elem79_stand.img,geno-extracted/QQTang5.2_Beta1Build1/data/object/mapElem/common/elem79_stand.png
17080,17,common,80,1,1,14,-8,-1,0x0,0,qqt/qqt_map_editor_fin-main/mapElem/common/elem80_stand.img,geno-extracted/QQTang5.2_Beta1Build1/data/object/mapElem/common/elem80_stand.png
17081,17,common,81,1,1,0,0,-1,0x0,0,qqt/qqt_map_editor_fin-main/mapElem/common/elem81_stand.img,geno-extracted/QQTang5.2_Beta1Build1/data/object/mapElem/common/elem81_stand.png
17082,17,common,82,3,1,0,6,-1,0x0,"3850,3855",qqt/qqt_map_editor_fin-main/mapElem/common/elem82_stand.img,geno-extracted/QQTang5.2_Beta1Build1/data/object/mapElem/common/elem82_stand.png
17083,17,common,83,1,3,7,0,-1,0x0,3845,qqt/qqt_map_editor_fin-main/mapElem/common/elem83_stand.img,geno-extracted/QQTang5.2_Beta1Build1/data/object/mapElem/common/elem83_stand.png
17100,17,common,100,1,1,0,13,1,0x0,0,qqt/qqt_map_editor_fin-main/mapElem/common/elem100_stand.img,geno-extracted/QQTang5.2_Beta1Build1/data/object/mapElem/common/elem100_stand.png
17101,17,common,101,1,1,0,13,1,0x0,0,qqt/qqt_map_editor_fin-main/mapElem/common/elem101_stand.img,geno-extracted/QQTang5.2_Beta1Build1/data/object/mapElem/common/elem101_stand.png
17102,17,common,102,1,1,0,13,1,0x0,0,qqt/qqt_map_editor_fin-main/mapElem/common/elem102_stand.img,geno-extracted/QQTang5.2_Beta1Build1/data/object/mapElem/common/elem102_stand.png
17103,17,common,103,1,1,1,12,1,0x0,0,qqt/qqt_map_editor_fin-main/mapElem/common/elem103_stand.img,geno-extracted/QQTang5.2_Beta1Build1/data/object/mapElem/common/elem103_stand.png
17104,17,common,104,1,1,0,17,1,0x0,0,qqt/qqt_map_editor_fin-main/mapElem/common/elem104_stand.img,geno-extracted/QQTang5.2_Beta1Build1/data/object/mapElem/common/elem104_stand.png
17105,17,common,105,1,1,0,0,-1,0x0,5397,qqt/qqt_map_editor_fin-main/mapElem/common/elem105_stand.img,geno-extracted/QQTang5.2_Beta1Build1/data/object/mapElem/common/elem105_stand.png
17106,17,common,106,1,1,0,0,-1,0x0,6682,qqt/qqt_map_editor_fin-main/mapElem/common/elem106_stand.img,geno-extracted/QQTang5.2_Beta1Build1/data/object/mapElem/common/elem106_stand.png
17107,17,common,107,1,1,0,1,-1,0x0,5397,qqt/qqt_map_editor_fin-main/mapElem/common/elem107_stand.img,geno-extracted/QQTang5.2_Beta1Build1/data/object/mapElem/common/elem107_stand.png
17108,17,common,108,1,1,0,0,-1,0x0,6682,qqt/qqt_map_editor_fin-main/mapElem/common/elem108_stand.img,geno-extracted/QQTang5.2_Beta1Build1/data/object/mapElem/common/elem108_stand.png
17109,17,common,109,1,1,0,0,-1,0x0,5397,qqt/qqt_map_editor_fin-main/mapElem/common/elem109_stand.img,geno-extracted/QQTang5.2_Beta1Build1/data/object/mapElem/common/elem109_stand.png
17110,17,common,110,1,1,-2,0,-1,0x0,6682,qqt/qqt_map_editor_fin-main/mapElem/common/elem110_stand.img,geno-extracted/QQTang5.2_Beta1Build1/data/object/mapElem/common/elem110_stand.png
17111,17,common,111,1,1,0,0,-1,0x0,5654,qqt/qqt_map_editor_fin-main/mapElem/common/elem111_stand.img,geno-extracted/QQTang5.2_Beta1Build1/data/object/mapElem/common/elem111_stand.png
17112,17,common,112,1,1,0,0,-1,0x0,7196,qqt/qqt_map_editor_fin-main/mapElem/common/elem112_stand.img,geno-extracted/QQTang5.2_Beta1Build1/data/object/mapElem/common/elem112_stand.png
17113,17,common,113,1,1,0,0,-1,0x0,6425,qqt/qqt_map_editor_fin-main/mapElem/common/elem113_stand.img,geno-extracted/QQTang5.2_Beta1Build1/data/object/mapElem/common/elem113_stand.png
17114,17,common,114,1,1,0,0,-1,0x0,5907,qqt/qqt_map_editor_fin-main/mapElem/common/elem114_stand.img,geno-extracted/QQTang5.2_Beta1Build1/data/object/mapElem/common/elem114_stand.png
17115,17,common,115,1,1,0,0,-1,0x0,7967,qqt/qqt_map_editor_fin-main/mapElem/common/elem115_stand.img,geno-extracted/QQTang5.2_Beta1Build1/data/object/mapElem/common/elem115_stand.png
17121,17,common,121,1,1,0,0,-1,0x0,3855,qqt/qqt_map_editor_fin-main/mapElem/common/elem121_stand.img,geno-extracted/QQTang5.2_Beta1Build1/data/object/mapElem/common/elem121_stand.png
17122,17,common,122,1,1,0,0,-1,0x0,3855,qqt/qqt_map_editor_fin-main/mapElem/common/elem122_stand.img,geno-extracted/QQTang5.2_Beta1Build1/data/object/mapElem/common/elem122_stand.png
17123,17,common,123,1,1,0,0,-1,0x0,3855,qqt/qqt_map_editor_fin-main/mapElem/common/elem123_stand.img,geno-extracted/QQTang5.2_Beta1Build1/data/object/mapElem/common/elem123_stand.png
17124,17,common,124,1,1,0,0,-1,0x0,3855,qqt/qqt_map_editor_fin-main/mapElem/common/elem124_stand.img,geno-extracted/QQTang5.2_Beta1Build1/data/object/mapElem/common/elem124_stand.png
17125,17,common,125,1,1,0,0,-1,0x0,3855,qqt/qqt_map_editor_fin-main/mapElem/common/elem125_stand.img,geno-extracted/QQTang5.2_Beta1Build1/data/object/mapElem/common/elem125_stand.png
17126,17,common,126,1,1,0,0,-1,0x0,3855,qqt/qqt_map_editor_fin-main/mapElem/common/elem126_stand.img,geno-extracted/QQTang5.2_Beta1Build1/data/object/mapElem/common/elem126_stand.png
17127,17,common,127,1,1,0,0,-1,0x0,3855,qqt/qqt_map_editor_fin-main/mapElem/common/elem127_stand.img,geno-extracted/QQTang5.2_Beta1Build1/data/object/mapElem/common/elem127_stand.png
17128,17,common,128,1,1,0,0,-1,0x0,3855,qqt/qqt_map_editor_fin-main/mapElem/common/elem128_stand.img,geno-extracted/QQTang5.2_Beta1Build1/data/object/mapElem/common/elem128_stand.png
17130,17,common,130,1,1,0,0,-1,0x0,3855,qqt/qqt_map_editor_fin-main/mapElem/common/elem130_stand.img,geno-extracted/QQTang5.2_Beta1Build1/data/object/mapElem/common/elem130_stand.gif
17131,17,common,131,1,1,0,0,-1,0x0,3855,qqt/qqt_map_editor_fin-main/mapElem/common/elem131_stand.img,geno-extracted/QQTang5.2_Beta1Build1/data/object/mapElem/common/elem131_stand.gif
17132,17,common,132,1,1,0,0,-1,0x0,3855,qqt/qqt_map_editor_fin-main/mapElem/common/elem132_stand.img,geno-extracted/QQTang5.2_Beta1Build1/data/object/mapElem/common/elem132_stand.gif
17133,17,common,133,1,1,0,0,-1,0x0,3855,qqt/qqt_map_editor_fin-main/mapElem/common/elem133_stand.img,geno-extracted/QQTang5.2_Beta1Build1/data/object/mapElem/common/elem133_stand.gif
17134,17,common,134,1,1,0,0,-1,0x0,3855,qqt/qqt_map_editor_fin-main/mapElem/common/elem134_stand.img,geno-extracted/QQTang5.2_Beta1Build1/data/object/mapElem/common/elem134_stand.gif
17135,17,common,135,1,1,0,0,-1,0x0,3855,qqt/qqt_map_editor_fin-main/mapElem/common/elem135_stand.img,geno-extracted/QQTang5.2_Beta1Build1/data/object/mapElem/common/elem135_stand.gif
17136,17,common,136,1,1,0,0,-1,0x0,3855,qqt/qqt_map_editor_fin-main/mapElem/common/elem136_stand.img,geno-extracted/QQTang5.2_Beta1Build1/data/object/mapElem/common/elem136_stand.gif
17137,17,common,137,1,1,0,0,-1,0x0,3855,qqt/qqt_map_editor_fin-main/mapElem/common/elem137_stand.img,geno-extracted/QQTang5.2_Beta1Build1/data/object/mapElem/common/elem137_stand.gif
18002,18,pve,2,1,4,0,0,-1,0x0,0,qqt/qqt_map_editor_fin-main/mapElem/pve/elem2_stand.img,geno-extracted/QQTang5.2_Beta1Build1/data/object/mapElem/pve/elem2_stand.png
18003,18,pve,3,1,1,0,0,-1,0x0,13,qqt/qqt_map_editor_fin-main/mapElem/pve/elem3_stand.img,geno-extracted/QQTang5.2_Beta1Build1/data/object/mapElem/pve/elem3_stand.png
18004,18,pve,4,2,1,0,0,-1,0x0,0,qqt/qqt_map_editor_fin-main/mapElem/pve/elem4_stand.img,geno-extracted/QQTang5.2_Beta1Build1/data/object/mapElem/pve/elem4_stand.png
18005,18,pve,5,2,1,0,0,-1,0x0,0,qqt/qqt_map_editor_fin-main/mapElem/pve/elem5_stand.img,geno-extracted/QQTang5.2_Beta1Build1/data/object/mapElem/pve/elem5_stand.png
18006,18,pve,6,2,4,0,1,-1,0x0,"0,2",qqt/qqt_map_editor_fin-main/mapElem/pve/elem6_stand.img,geno-extracted/QQTang5.2_Beta1Build1/data/object/mapElem/pve/elem6_stand.png
18007,18,pve,7,11,2,0,0,-1,0x0,0,qqt/qqt_map_editor_fin-main/mapElem/pve/elem7_stand.img,geno-extracted/QQTang5.2_Beta1Build1/data/object/mapElem/pve/elem7_stand.png
18008,18,pve,8,6,2,0,0,-1,0x0,0,qqt/qqt_map_editor_fin-main/mapElem/pve/elem8_stand.img,geno-extracted/QQTang5.2_Beta1Build1/data/object/mapElem/pve/elem8_stand.png
18009,18,pve,9,2,3,0,0,-1,0x0,"0,3,4096",qqt/qqt_map_editor_fin-main/mapElem/pve/elem9_stand.img,geno-extracted/QQTang5.2_Beta1Build1/data/object/mapElem/pve/elem9_stand.png
18020,18,pve,20,2,2,0,0,-1,0x0,0,qqt/qqt_map_editor_fin-main/mapElem/pve/elem20_stand.img,geno-extracted/QQTang5.2_Beta1Build1/data/object/mapElem/pve/elem20_stand.png
18021,18,pve,21,8,2,0,0,-1,0x0,0,qqt/qqt_map_editor_fin-main/mapElem/pve/elem21_stand.img,geno-extracted/QQTang5.2_Beta1Build1/data/object/mapElem/pve/elem21_stand.png
18022,18,pve,22,11,2,0,0,-1,0x0,0,qqt/qqt_map_editor_fin-main/mapElem/pve/elem22_stand.img,geno-extracted/QQTang5.2_Beta1Build1/data/object/mapElem/pve/elem22_stand.png
18023,18,pve,23,11,2,0,0,-1,0x0,0,qqt/qqt_map_editor_fin-main/mapElem/pve/elem23_stand.img,geno-extracted/QQTang5.2_Beta1Build1/data/object/mapElem/pve/elem23_stand.png
18024,18,pve,24,7,2,0,0,-1,0x0,0,qqt/qqt_map_editor_fin-main/mapElem/pve/elem24_stand.img,geno-extracted/QQTang5.2_Beta1Build1/data/object/mapElem/pve/elem24_stand.png
18025,18,pve,25,1,1,0,0,-1,0x0,0,qqt/qqt_map_editor_fin-main/mapElem/pve/elem25_stand.img,geno-extracted/QQTang5.2_Beta1Build1/data/object/mapElem/pve/elem25_stand.png
18026,18,pve,26,1,3,0,0,-1,0x0,0,qqt/qqt_map_editor_fin-main/mapElem/pve/elem26_stand.img,geno-extracted/QQTang5.2_Beta1Build1/data/object/mapElem/pve/elem26_stand.png
18027,18,pve,27,1,2,0,0,-1,0x0,0,qqt/qqt_map_editor_fin-main/mapElem/pve/elem27_stand.img,geno-extracted/QQTang5.2_Beta1Build1/data/object/mapElem/pve/elem27_stand.png
18028,18,pve,28,11,2,0,0,-1,0x0,0,qqt/qqt_map_editor_fin-main/mapElem/pve/elem28_stand.img,geno-extracted/QQTang5.2_Beta1Build1/data/object/mapElem/pve/elem28_stand.png
18101,18,pve,101,7,2,0,0,-1,0x0,0,qqt/qqt_map_editor_fin-main/mapElem/pve/elem101_stand.img,geno-extracted/QQTang5.2_Beta1Build1/data/object/mapElem/pve/elem101_stand.png
18102,18,pve,102,1,3,0,0,-1,0x0,0,qqt/qqt_map_editor_fin-main/mapElem/pve/elem102_stand.img,geno-extracted/QQTang5.2_Beta1Build1/data/object/mapElem/pve/elem102_stand.png
18103,18,pve,103,14,2,0,0,-1,0x0,0,qqt/qqt_map_editor_fin-main/mapElem/pve/elem103_stand.img,geno-extracted/QQTang5.2_Beta1Build1/data/object/mapElem/pve/elem103_stand.png
18104,18,pve,104,1,6,0,0,-1,0x0,0,qqt/qqt_map_editor_fin-main/mapElem/pve/elem104_stand.img,geno-extracted/QQTang5.2_Beta1Build1/data/object/mapElem/pve/elem104_stand.png
18105,18,pve,105,6,2,0,0,-1,0x0,0,qqt/qqt_map_editor_fin-main/mapElem/pve/elem105_stand.img,geno-extracted/QQTang5.2_Beta1Build1/data/object/mapElem/pve/elem105_stand.png
18106,18,pve,106,1,2,0,0,-1,0x0,0,qqt/qqt_map_editor_fin-main/mapElem/pve/elem106_stand.img,geno-extracted/QQTang5.2_Beta1Build1/data/object/mapElem/pve/elem106_stand.png
18107,18,pve,107,2,4,0,0,-1,0x0,0,qqt/qqt_map_editor_fin-main/mapElem/pve/elem107_stand.img,geno-extracted/QQTang5.2_Beta1Build1/data/object/mapElem/pve/elem107_stand.png
18108,18,pve,108,2,2,0,0,-1,0x0,0,qqt/qqt_map_editor_fin-main/mapElem/pve/elem108_stand.img,geno-extracted/QQTang5.2_Beta1Build1/data/object/mapElem/pve/elem108_stand.png
18109,18,pve,109,1,6,0,0,-1,0x0,0,qqt/qqt_map_editor_fin-main/mapElem/pve/elem109_stand.img,geno-extracted/QQTang5.2_Beta1Build1/data/object/mapElem/pve/elem109_stand.png
18111,18,pve,111,8,2,0,0,-1,0x0,0,qqt/qqt_map_editor_fin-main/mapElem/pve/elem111_stand.img,geno-extracted/QQTang5.2_Beta1Build1/data/object/mapElem/pve/elem111_stand.png
18112,18,pve,112,1,3,0,0,-1,0x0,0,qqt/qqt_map_editor_fin-main/mapElem/pve/elem112_stand.img,geno-extracted/QQTang5.2_Beta1Build1/data/object/mapElem/pve/elem112_stand.png
18201,18,pve,201,1,1,0,0,-1,0x0,3855,qqt/qqt_map_editor_fin-main/mapElem/pve/elem201_stand.img,geno-extracted/QQTang5.2_Beta1Build1/data/object/mapElem/pve/elem201_stand.png
18202,18,pve,202,1,1,0,0,-1,0x0,3855,qqt/qqt_map_editor_fin-main/mapElem/pve/elem202_stand.img,geno-extracted/QQTang5.2_Beta1Build1/data/object/mapElem/pve/elem202_stand.png
18203,18,pve,203,2,2,0,0,-1,0x0,3855,qqt/qqt_map_editor_fin-main/mapElem/pve/elem203_stand.img,geno-extracted/QQTang5.2_Beta1Build1/data/object/mapElem/pve/elem203_stand.png
18204,18,pve,204,1,1,0,0,-1,0x0,3855,qqt/qqt_map_editor_fin-main/mapElem/pve/elem204_stand.img,geno-extracted/QQTang5.2_Beta1Build1/data/object/mapElem/pve/elem204_stand.png
18205,18,pve,205,1,1,0,0,-1,0x0,3855,qqt/qqt_map_editor_fin-main/mapElem/pve/elem205_stand.img,geno-extracted/QQTang5.2_Beta1Build1/data/object/mapElem/pve/elem205_stand.png
18206,18,pve,206,1,1,0,0,-1,0x0,3855,qqt/qqt_map_editor_fin-main/mapElem/pve/elem206_stand.img,geno-extracted/QQTang5.2_Beta1Build1/data/object/mapElem/pve/elem206_stand.png
18207,18,pve,207,1,1,0,0,-1,0x0,3855,qqt/qqt_map_editor_fin-main/mapElem/pve/elem207_stand.img,geno-extracted/QQTang5.2_Beta1Build1/data/object/mapElem/pve/elem207_stand.png
18208,18,pve,208,1,1,0,0,-1,0x0,3855,qqt/qqt_map_editor_fin-main/mapElem/pve/elem208_stand.img,geno-extracted/QQTang5.2_Beta1Build1/data/object/mapElem/pve/elem208_stand.png
18209,18,pve,209,1,1,0,0,-1,0x0,3855,qqt/qqt_map_editor_fin-main/mapElem/pve/elem209_stand.img,geno-extracted/QQTang5.2_Beta1Build1/data/object/mapElem/pve/elem209_stand.png
18210,18,pve,210,1,1,0,0,-1,0x0,3855,qqt/qqt_map_editor_fin-main/mapElem/pve/elem210_stand.img,geno-extracted/QQTang5.2_Beta1Build1/data/object/mapElem/pve/elem210_stand.png
18211,18,pve,211,1,1,0,0,-1,0x0,3855,qqt/qqt_map_editor_fin-main/mapElem/pve/elem211_stand.img,geno-extracted/QQTang5.2_Beta1Build1/data/object/mapElem/pve/elem211_stand.png
18212,18,pve,212,1,1,0,0,-1,0x0,3855,qqt/qqt_map_editor_fin-main/mapElem/pve/elem212_stand.img,geno-extracted/QQTang5.2_Beta1Build1/data/object/mapElem/pve/elem212_stand.png
18213,18,pve,213,1,1,0,0,-1,0x0,3855,qqt/qqt_map_editor_fin-main/mapElem/pve/elem213_stand.img,geno-extracted/QQTang5.2_Beta1Build1/data/object/mapElem/pve/elem213_stand.png
18214,18,pve,214,1,1,0,0,-1,0x0,3855,qqt/qqt_map_editor_fin-main/mapElem/pve/elem214_stand.img,geno-extracted/QQTang5.2_Beta1Build1/data/object/mapElem/pve/elem214_stand.png
18215,18,pve,215,1,1,0,0,-1,0x0,3855,qqt/qqt_map_editor_fin-main/mapElem/pve/elem215_stand.img,geno-extracted/QQTang5.2_Beta1Build1/data/object/mapElem/pve/elem215_stand.png
18216,18,pve,216,1,1,0,0,-1,0x0,3855,qqt/qqt_map_editor_fin-main/mapElem/pve/elem216_stand.img,geno-extracted/QQTang5.2_Beta1Build1/data/object/mapElem/pve/elem216_stand.png
18217,18,pve,217,1,1,0,0,-1,0x0,3855,qqt/qqt_map_editor_fin-main/mapElem/pve/elem217_stand.img,geno-extracted/QQTang5.2_Beta1Build1/data/object/mapElem/pve/elem217_stand.png
18218,18,pve,218,1,1,0,0,-1,0x0,3855,qqt/qqt_map_editor_fin-main/mapElem/pve/elem218_stand.img,geno-extracted/QQTang5.2_Beta1Build1/data/object/mapElem/pve/elem218_stand.png
18219,18,pve,219,1,1,0,0,-1,0x0,3855,qqt/qqt_map_editor_fin-main/mapElem/pve/elem219_stand.img,geno-extracted/QQTang5.2_Beta1Build1/data/object/mapElem/pve/elem219_stand.png
18220,18,pve,220,1,1,0,0,-1,0x0,3855,qqt/qqt_map_editor_fin-main/mapElem/pve/elem220_stand.img,geno-extracted/QQTang5.2_Beta1Build1/data/object/mapElem/pve/elem220_stand.png
18221,18,pve,221,1,1,0,0,-1,0x0,3855,qqt/qqt_map_editor_fin-main/mapElem/pve/elem221_stand.img,geno-extracted/QQTang5.2_Beta1Build1/data/object/mapElem/pve/elem221_stand.png
18222,18,pve,222,1,1,0,0,-1,0x0,3855,qqt/qqt_map_editor_fin-main/mapElem/pve/elem222_stand.img,geno-extracted/QQTang5.2_Beta1Build1/data/object/mapElem/pve/elem222_stand.png
18223,18,pve,223,1,1,0,0,-1,0x0,3855,qqt/qqt_map_editor_fin-main/mapElem/pve/elem223_stand.img,geno-extracted/QQTang5.2_Beta1Build1/data/object/mapElem/pve/elem223_stand.png
18224,18,pve,224,1,1,0,0,-1,0x0,3855,qqt/qqt_map_editor_fin-main/mapElem/pve/elem224_stand.img,geno-extracted/QQTang5.2_Beta1Build1/data/object/mapElem/pve/elem224_stand.png
18225,18,pve,225,1,1,0,0,-1,0x0,3855,qqt/qqt_map_editor_fin-main/mapElem/pve/elem225_stand.img,geno-extracted/QQTang5.2_Beta1Build1/data/object/mapElem/pve/elem225_stand.png
18226,18,pve,226,1,1,0,0,-1,0x0,3855,qqt/qqt_map_editor_fin-main/mapElem/pve/elem226_stand.img,geno-extracted/QQTang5.2_Beta1Build1/data/object/mapElem/pve/elem226_stand.png
18227,18,pve,227,1,1,0,0,-1,0x0,3855,qqt/qqt_map_editor_fin-main/mapElem/pve/elem227_stand.img,geno-extracted/QQTang5.2_Beta1Build1/data/object/mapElem/pve/elem227_stand.png
18228,18,pve,228,1,1,0,0,-1,0x0,3855,qqt/qqt_map_editor_fin-main/mapElem/pve/elem228_stand.img,geno-extracted/QQTang5.2_Beta1Build1/data/object/mapElem/pve/elem228_stand.png
18229,18,pve,229,1,1,10,8,-1,0x0,3840,qqt/qqt_map_editor_fin-main/mapElem/pve/elem229_stand.img,geno-extracted/QQTang5.2_Beta1Build1/data/object/mapElem/pve/elem229_stand.png
18230,18,pve,230,1,1,0,0,-1,0x0,3840,qqt/qqt_map_editor_fin-main/mapElem/pve/elem230_stand.img,geno-extracted/QQTang5.2_Beta1Build1/data/object/mapElem/pve/elem230_stand.png
18231,18,pve,231,1,1,0,0,-1,0x0,3840,qqt/qqt_map_editor_fin-main/mapElem/pve/elem231_stand.img,geno-extracted/QQTang5.2_Beta1Build1/data/object/mapElem/pve/elem231_stand.png
18232,18,pve,232,1,1,0,0,-1,0x0,3840,qqt/qqt_map_editor_fin-main/mapElem/pve/elem232_stand.img,geno-extracted/QQTang5.2_Beta1Build1/data/object/mapElem/pve/elem232_stand.png
18233,18,pve,233,1,1,0,0,-1,0x0,3840,qqt/qqt_map_editor_fin-main/mapElem/pve/elem233_stand.img,geno-extracted/QQTang5.2_Beta1Build1/data/object/mapElem/pve/elem233_stand.png
18234,18,pve,234,1,1,0,7,-1,0x0,3840,qqt/qqt_map_editor_fin-main/mapElem/pve/elem234_stand.img,geno-extracted/QQTang5.2_Beta1Build1/data/object/mapElem/pve/elem234_stand.png
18235,18,pve,235,1,1,0,9,-1,0x0,3840,qqt/qqt_map_editor_fin-main/mapElem/pve/elem235_stand.img,geno-extracted/QQTang5.2_Beta1Build1/data/object/mapElem/pve/elem235_stand.png
18236,18,pve,236,1,1,7,0,-1,0x0,3840,qqt/qqt_map_editor_fin-main/mapElem/pve/elem236_stand.img,geno-extracted/QQTang5.2_Beta1Build1/data/object/mapElem/pve/elem236_stand.png
18237,18,pve,237,1,1,0,0,-1,0x0,3840,qqt/qqt_map_editor_fin-main/mapElem/pve/elem237_stand.img,geno-extracted/QQTang5.2_Beta1Build1/data/object/mapElem/pve/elem237_stand.png
18238,18,pve,238,1,1,0,0,-1,0x0,3840,qqt/qqt_map_editor_fin-main/mapElem/pve/elem238_stand.img,geno-extracted/QQTang5.2_Beta1Build1/data/object/mapElem/pve/elem238_stand.png
18239,18,pve,239,1,1,10,0,-1,0x0,3840,qqt/qqt_map_editor_fin-main/mapElem/pve/elem239_stand.img,geno-extracted/QQTang5.2_Beta1Build1/data/object/mapElem/pve/elem239_stand.png
18240,18,pve,240,1,1,0,0,-1,0x0,3840,qqt/qqt_map_editor_fin-main/mapElem/pve/elem240_stand.img,geno-extracted/QQTang5.2_Beta1Build1/data/object/mapElem/pve/elem240_stand.png
18241,18,pve,241,1,1,0,0,-1,0x0,3840,qqt/qqt_map_editor_fin-main/mapElem/pve/elem241_stand.img,geno-extracted/QQTang5.2_Beta1Build1/data/object/mapElem/pve/elem241_stand.png
18242,18,pve,242,1,1,0,0,-1,0x0,0,qqt/qqt_map_editor_fin-main/mapElem/pve/elem242_stand.img,geno-extracted/QQTang5.2_Beta1Build1/data/object/mapElem/pve/elem242_stand.png
19030,19,tank,30,3,3,4,34,-1,0x0,"0,7967",qqt/qqt_map_editor_fin-main/mapElem/tank/elem30_stand.img,geno-extracted/QQTang5.2_Beta1Build1/data/object/mapElem/tank/elem30_stand.png
19031,19,tank,31,3,3,4,34,-1,0x0,"0,7967",qqt/qqt_map_editor_fin-main/mapElem/tank/elem31_stand.img,geno-extracted/QQTang5.2_Beta1Build1/data/object/mapElem/tank/elem31_stand.png
19032,19,tank,32,1,1,2,17,-1,0x0,5397,qqt/qqt_map_editor_fin-main/mapElem/tank/elem32_stand.img,geno-extracted/QQTang5.2_Beta1Build1/data/object/mapElem/tank/elem32_stand.png
19033,19,tank,33,1,1,2,25,1,0x0,0,qqt/qqt_map_editor_fin-main/mapElem/tank/elem33_stand.img,geno-extracted/QQTang5.2_Beta1Build1/data/object/mapElem/tank/elem33_stand.png
19034,19,tank,34,1,1,2,22,1,0x0,0,qqt/qqt_map_editor_fin-main/mapElem/tank/elem34_stand.img,geno-extracted/QQTang5.2_Beta1Build1/data/object/mapElem/tank/elem34_stand.png
19035,19,tank,35,2,2,4,13,-1,0x0,0,qqt/qqt_map_editor_fin-main/mapElem/tank/elem35_stand.img,geno-extracted/QQTang5.2_Beta1Build1/data/object/mapElem/tank/elem35_stand.png
19036,19,tank,36,2,2,4,13,-1,0x0,0,qqt/qqt_map_editor_fin-main/mapElem/tank/elem36_stand.img,geno-extracted/QQTang5.2_Beta1Build1/data/object/mapElem/tank/elem36_stand.png
19037,19,tank,37,1,1,5,25,-1,0x0,0,qqt/qqt_map_editor_fin-main/mapElem/tank/elem37_stand.img,geno-extracted/QQTang5.2_Beta1Build1/data/object/mapElem/tank/elem37_stand.png
19038,19,tank,38,1,1,3,8,1,0x0,0,qqt/qqt_map_editor_fin-main/mapElem/tank/elem38_stand.img,geno-extracted/QQTang5.2_Beta1Build1/data/object/mapElem/tank/elem38_stand.png
19039,19,tank,39,1,1,4,12,-1,0x0,0,qqt/qqt_map_editor_fin-main/mapElem/tank/elem39_stand.img,geno-extracted/QQTang5.2_Beta1Build1/data/object/mapElem/tank/elem39_stand.png
19040,19,tank,40,1,1,4,10,-1,0x0,0,qqt/qqt_map_editor_fin-main/mapElem/tank/elem40_stand.img,geno-extracted/QQTang5.2_Beta1Build1/data/object/mapElem/tank/elem40_stand.png
19041,19,tank,41,1,1,1,11,1,0x0,0,qqt/qqt_map_editor_fin-main/mapElem/tank/elem41_stand.img,geno-extracted/QQTang5.2_Beta1Build1/data/object/mapElem/tank/elem41_stand.png
19042,19,tank,42,1,1,1,11,1,0x0,0,qqt/qqt_map_editor_fin-main/mapElem/tank/elem42_stand.img,geno-extracted/QQTang5.2_Beta1Build1/data/object/mapElem/tank/elem42_stand.png
19043,19,tank,43,1,1,1,12,1,0x0,0,qqt/qqt_map_editor_fin-main/mapElem/tank/elem43_stand.img,geno-extracted/QQTang5.2_Beta1Build1/data/object/mapElem/tank/elem43_stand.png
19044,19,tank,44,1,1,5,19,1,0x0,3855,qqt/qqt_map_editor_fin-main/mapElem/tank/elem44_stand.img,geno-extracted/QQTang5.2_Beta1Build1/data/object/mapElem/tank/elem44_stand.png
19045,19,tank,45,1,1,0,0,-1,0x0,3855,qqt/qqt_map_editor_fin-main/mapElem/tank/elem45_stand.img,geno-extracted/QQTang5.2_Beta1Build1/data/object/mapElem/tank/elem45_stand.png
19046,19,tank,46,1,1,0,0,-1,0x0,3855,qqt/qqt_map_editor_fin-main/mapElem/tank/elem46_stand.img,geno-extracted/QQTang5.2_Beta1Build1/data/object/mapElem/tank/elem46_stand.png
19047,19,tank,47,1,1,0,0,-1,0x0,3855,qqt/qqt_map_editor_fin-main/mapElem/tank/elem47_stand.img,geno-extracted/QQTang5.2_Beta1Build1/data/object/mapElem/tank/elem47_stand.png
19048,19,tank,48,1,1,0,0,-1,0x0,0,qqt/qqt_map_editor_fin-main/mapElem/tank/elem48_stand.img,geno-extracted/QQTang5.2_Beta1Build1/data/object/mapElem/tank/elem48_stand.png
19049,19,tank,49,1,1,0,0,-1,0x0,0,qqt/qqt_map_editor_fin-main/mapElem/tank/elem49_stand.img,geno-extracted/QQTang5.2_Beta1Build1/data/object/mapElem/tank/elem49_stand.png
19050,19,tank,50,1,1,0,0,-1,0x0,0,qqt/qqt_map_editor_fin-main/mapElem/tank/elem50_stand.img,geno-extracted/QQTang5.2_Beta1Build1/data/object/mapElem/tank/elem50_stand.png
19051,19,tank,51,1,1,0,0,-1,0x0,0,qqt/qqt_map_editor_fin-main/mapElem/tank/elem51_stand.img,geno-extracted/QQTang5.2_Beta1Build1/data/object/mapElem/tank/elem51_stand.png
19052,19,tank,52,1,1,0,0,-1,0x0,0,qqt/qqt_map_editor_fin-main/mapElem/tank/elem52_stand.img,geno-extracted/QQTang5.2_Beta1Build1/data/object/mapElem/tank/elem52_stand.png
19053,19,tank,53,1,1,0,0,-1,0x0,0,qqt/qqt_map_editor_fin-main/mapElem/tank/elem53_stand.img,geno-extracted/QQTang5.2_Beta1Build1/data/object/mapElem/tank/elem53_stand.png
19054,19,tank,54,1,1,0,0,-1,0x0,0,qqt/qqt_map_editor_fin-main/mapElem/tank/elem54_stand.img,geno-extracted/QQTang5.2_Beta1Build1/data/object/mapElem/tank/elem54_stand.png
